job_id,title,company,location,date_posted,job_url,description,job_function,match_context,hard_skills,domain_keywords,job_title,required_min_years,embedding
4312052657,Data Engineer,Coca-Cola HBC,"New Cairo, Cairo, Egypt",2025-10-08,https://eg.linkedin.com/jobs/view/data-engineer-at-coca-cola-hbc-4312052657,"We are looking for a highly skilled Data Engineer with significant technical skills in Azure and business acumen to join our team in Coca-Cola Hellenic Digital & Technology Platform Services (DTPS) and be part of the Analytics Products Engineering team. You will have the opportunity to contribute to the strategy, design and development of our Analytics use cases, providing insights and supporting decision making for end users. The role involves significant collaboration with business and IT teams, and an opportunity to integrate & transform data from various systems into structures that are suitable for building analytical solutions, by developing efficient Azure-based data pipelines.
YOUR NEW KEY RESPONSIBILITIES:
Collaborate with CCH architects across different IT (DTPS) teams and with cross-functional teams to gather requirements, define technical specifications, and provide architectural guidance for Azure projects. Contribute and align on the strategy, design and implementation of the end2end data journey to expose analytics insights for consumption by different reporting layers;
Ability to load data from Azure Data Sources (Azure SQL Databricks Warehouse/Synapse), visualize data, setup data refresh, analyze and write queries in SQL;
Develop and implement data governance and data quality frameworks to ensure the integrity and accuracy of data;
Design, develop, implement and optimize data pipelines for scalability, performance, security and cost efficiency. Optimize data storage, retrieval, and processing techniques to achieve high performance and cost efficiency;
Implement security and access control measures to protect sensitive data within Azure environments;
Perform data profiling, analysis, and validation to identify and address data quality issues.
Develop and maintain documentation for data solutions, including data models, data flows, and technical specifications;
Stay up to date with the latest Azure data services, tools, and best practices, and provide recommendations for their adoption;
Lead and guide Azure developers and data engineers from vendors, providing guidance and support in Azure data engineering techniques and methodologies and ensuring development as per CCH standards and guidelines;
Ability to understand business requirements and convert into clearly documented technical requirements (dimensions, KBIs, data structure, data granularity, target users), following the agreed guidelines, standards and rules;
Collaborate with DevOps teams to implement continuous integration and delivery pipelines for Azure-based applications;
Collaborate with and support PowerBI developers to test different approaches for data connections and data transfers to Power BI, to identify the optimal approach per use case considering data volume, Power BI performance, as well as data quality and security considerations.
ARE THESE YOUR SECRET INGREDIENTS?
Deep hands-on experience with MS Azure Data Factory, MS Azure Data Lake Storage, SQL Database (T-SQL), Azure Databricks, Proficiency in SQL and data manipulation languages for data extraction, transformation, and loading.
3+ years of experience in data engineering, data science or related field, with a focus on Azure data platforms
Deep hands-on experience in Python; pyspark
Experience with data visualization tools and techniques for creating meaningful data insights (e.g., Power BI, PowerApps) is appreciated;
Experience with Data Science techniques, such as feature engineering and modeling is appreciated;
Experience in performance optimization techniques in Azure technologies for PowerBI reporting consumption is a plus;
Experience with big data architectures and large data volumes technologies (partitioned tables with billions of records, files with hundreds of GBs). Familiarity with big data technologies such as Hadoop, Spark, and Hive;
Strong hands-on understanding of DevSecOps concepts and tools. Expertise in practical implementation of DevSecOps, in particular Azure DevOps toolkit and automated testing capabilities;
Strong understanding of DevOps principles and experience with CI/CD pipelines, version control systems (e.g. Git), and automated deployment tools;
Design and implement data pipelines and ETL processes, ensuring data quality and availability for machine learning models, while possessing a foundational understanding of machine learning concepts and techniques.
Develop and maintain scalable machine learning pipelines and infrastructure, ensuring seamless integration and deployment of models in production environments (MLOps).
Bachelor's degree in Computer Science, Engineering, or a related field (or equivalent practical experience);
Knowledge of SAP BW (extractors, transformations, queries, data export) would be appreciated.
Understanding of Agile methodology and SAFe Agile is appreciated;
Strong communication and interpersonal skills, with the ability to collaborate effectively with cross-functional teams, stakeholders and vendors;
Azure certification, such as Azure Data Engineer Associate, is a plus.
ABOUT YOUR NEW TEAM
We are a family of 33 thousand engaged people. Each and every one of us is the secret ingredient of Coca-Cola HBC - one of the world’s largest bottlers and partner of The Coca-Cola Company. Our every day mission is to delight over 715 million consumers by offering a choice of over 100 iconic global and favorite local brands in the moments that matter, 24 hours a day, 7 days a week. We are a truly empowered and talented team that drives superior results by winning and learning every day in 29 countries, across 3 continents. Our success comes from us working together as one to make a positive difference for the local communities we serve.
AT COCA-COLA HBC, DIVERSITY HELPS US THRIVE
Including and celebrating different people and opinions is embedded in our growth story. We are committed to fostering diverse teams that reflect the communities we serve, and to creating an inclusive environment where everyone’s unique perspectives are valued and heard. By constantly building a diverse and inclusive workplace, we enrich our decision-making and provide ever more innovative solutions and shared value
Show more
Show less",Information Technology,"This role involves leading the design and development of data pipelines and analytics solutions on Azure, enabling business insights and decision-making through scalable and secure data platforms. It requires collaborating with cross-functional teams to define requirements, implement data governance, and optimize performance and costs in cloud environments.","['Azure Data Factory', 'Azure Data Lake Storage', 'SQL']","['data pipelines', 'data governance', 'data quality', 'Azure', 'Power BI']",Data Engineer,3.0,"[0.017399447038769722, 0.01201433502137661, -0.05226965621113777, 0.02020183578133583, -0.008915062062442303, -0.02652774564921856, -0.014235024340450764, -0.050765831023454666, 0.058618493378162384, 0.05271098390221596, -0.07137957960367203, -0.035096533596515656, 0.05762539431452751, 0.06062876060605049, -0.002114495262503624, 0.11242444068193436, -0.007858607918024063, -0.028410986065864563, -0.12685292959213257, -0.06083618476986885, -0.038471873849630356, -0.009414209052920341, -0.0674431324005127, -0.020734034478664398, -0.029333658516407013, 0.014119294472038746, -0.07325772941112518, -0.01950816996395588, -0.029922520741820335, -0.03435496613383293, -0.02965526469051838, -0.05954185873270035, 0.0076600853353738785, 0.10287252068519592, -0.057972658425569534, 0.04615851491689682, 0.05800628662109375, -0.005166474264115095, -0.03793269395828247, -0.023650290444493294, 0.003811950795352459, -0.05861157551407814, -0.11061670631170273, -0.03489740192890167, -0.023958871141076088, 0.0031383782625198364, -0.02090422809123993, -0.04354027658700943, -0.05763792619109154, 0.10047762840986252, -0.0940554216504097, -0.09540588408708572, -0.018429383635520935, 0.05597962811589241, -0.021307749673724174, 0.07200916856527328, 0.0422993041574955, -0.03997904807329178, 0.01741803251206875, -0.009126952849328518, 0.027268672361969948, -0.10543341934680939, -0.0010447908425703645, 0.05200842395424843, 0.02976232022047043, 0.028536129742860794, -0.010892337188124657, 0.0022426811046898365, -0.01962871290743351, -0.03952265530824661, 0.006572837941348553, -0.04798495024442673, -0.08526060730218887, -0.052067700773477554, -0.017252059653401375, 0.040004149079322815, 0.022480063140392303, 0.041441526263952255, 0.09524109959602356, -0.019079802557826042, 0.028526531532406807, 0.0881766527891159, -0.0014044928830116987, 0.1379466950893402, 0.011134871281683445, -0.04923664778470993, -0.020149320363998413, -0.012161102145910263, -0.010558145120739937, 0.0012254412285983562, -0.024563031271100044, -0.032667238265275955, 0.11013466119766235, 0.009743567556142807, -0.005101843271404505, -0.03362021595239639, -0.05464097857475281, -0.047052040696144104, 0.061096638441085815, -0.012434751726686954, -0.04748326539993286, 0.022397426888346672, 0.021935245022177696, 0.008150609210133553, -0.031109094619750977, -0.05151970684528351, 0.024838445708155632, 0.02292926423251629, -0.03620637208223343, 0.027138778939843178, 0.03306678682565689, -0.025662878528237343, 0.020259184762835503, -0.04466323181986809, 0.05473388358950615, -0.007198130711913109, -0.0796533152461052, 0.05147778242826462, -0.03307988494634628, 0.03207080811262131, -0.0049925195053219795, 0.015739861875772476, 0.01785900816321373, -0.06244746223092079, 0.06570135056972504, 0.0426030270755291, -0.07917043566703796, -1.4925229731871507e-33, 0.01471122819930315, 0.012533365748822689, 0.030372517183423042, -0.011897511780261993, 0.08314795047044754, -0.03158728405833244, 0.04665125906467438, -0.041299737989902496, -0.1628960222005844, 0.0063743372447788715, -0.024411993101239204, 0.05567353218793869, 0.02912062779068947, 0.023137971758842468, 0.026521405205130577, -0.01659868285059929, 0.011431197635829449, 0.0500066764652729, 0.01989930495619774, 0.021976985037326813, 0.0515969954431057, -0.08886171132326126, 0.03040466643869877, 0.04002079367637634, 0.09761853516101837, -0.027966711670160294, 0.08385507762432098, 0.013431411236524582, 0.04393843561410904, 0.015492935664951801, -0.04934214800596237, 0.0032708675134927034, 0.01534024067223072, 0.0258056428283453, 0.030651837587356567, -0.007246117107570171, -0.005480774212628603, -0.010200291872024536, 0.05004259943962097, 0.13614675402641296, 0.05486825108528137, 0.013741586357355118, -0.021837320178747177, 0.009341259486973286, -0.05505876615643501, 0.031214801594614983, -0.0057897972874343395, 0.02304219827055931, 0.058766596019268036, -0.009841903112828732, 0.0016450202092528343, -0.005914255045354366, 0.07809927314519882, 0.043812572956085205, 0.06944376230239868, -0.03556380420923233, 0.023053577169775963, -0.10081716626882553, 0.0010979307116940618, 0.04772472009062767, -0.08182770013809204, -0.04559066891670227, -0.039545655250549316, 0.03819701820611954, -0.035573434084653854, -0.04064789414405823, 0.056409306824207306, 0.04202701523900032, 0.08415261656045914, -0.03686191141605377, -0.014224986545741558, -0.04003253951668739, 0.07751187682151794, 0.0019791426602751017, 0.016651179641485214, -0.07485722750425339, -0.044447243213653564, -0.012990206480026245, 0.041319604963064194, -0.011441127397119999, -0.09174857288599014, 0.002551701618358493, 0.05763451009988785, 0.03464319184422493, -0.09388608485460281, -0.043788619339466095, -0.009972617961466312, 0.009268873371183872, -0.07715808600187302, 0.04373902454972267, -0.09801024198532104, -0.004502103663980961, 0.024679969996213913, 0.019987203180789948, -0.009617111645638943, -1.8239610899944315e-34, -0.022309690713882446, -0.04172389209270477, -0.03063325211405754, 0.060272879898548126, 0.04824230447411537, -0.011960999108850956, 0.002322224900126457, -0.12685881555080414, 0.07085227966308594, 0.029312942177057266, -0.021009432151913643, 0.005198175553232431, 0.030987689271569252, 0.030803201720118523, -0.02841765619814396, 0.010619193315505981, 0.013122163712978363, -0.10197177529335022, 0.04536088556051254, -0.04274770990014076, -0.03995294123888016, -0.029028858989477158, 0.009781597182154655, 0.049886882305145264, 0.023832492530345917, 0.0321173295378685, -0.04619608819484711, -0.11590997129678726, 0.0848688930273056, 0.003824994433671236, -0.07032238692045212, -0.034553635865449905, 0.021435042843222618, -0.0946701169013977, -0.08874377608299255, -0.003666143398731947, 0.03791375830769539, -0.021051974967122078, 0.010797814466059208, -0.02986583299934864, -0.0233637485653162, -0.046273525804281235, -0.01664445735514164, -0.057430777698755264, -0.02868657186627388, 0.06378617137670517, 0.02929793670773506, 0.05301586911082268, -0.03640403226017952, -0.06584152579307556, -0.02889535017311573, 0.08622301369905472, 0.009819033555686474, 0.04609530791640282, -0.04969385638833046, -0.034867748618125916, 0.06086987629532814, 0.02630193717777729, -0.06622608006000519, 0.06378590315580368, 0.042743779718875885, 0.07148173451423645, 0.06374260038137436, 0.03159279003739357, 0.053744737058877945, 0.03655221313238144, 0.003699706867337227, -0.08284977823495865, -0.041317231953144073, -0.03768531233072281, -0.057726092636585236, -0.11244889348745346, -0.04650743305683136, 0.017211178317666054, 0.00956708937883377, -0.03922399505972862, -0.055449649691581726, -0.11165383458137512, -0.005040475632995367, 0.10075732320547104, 0.02236347645521164, 0.03554555028676987, 0.011939406394958496, 0.04673473909497261, 0.02501356601715088, -0.006594789680093527, 0.08996239304542542, -0.033530592918395996, -0.028139673173427582, 0.012099585495889187, -0.10983535647392273, -0.07582151144742966, -0.1375410258769989, 0.027388842776417732, 0.01151398103684187, -3.54703608707041e-08, 0.02006988599896431, 0.05561469495296478, -0.01916505955159664, -0.024757053703069687, -0.011643575504422188, -0.01379365473985672, 0.03552449494600296, 0.12983112037181854, 0.05831942334771156, 0.0747741237282753, 0.0562482550740242, -0.04571619629859924, 0.011042319238185883, 0.03063388727605343, 0.09357329457998276, 0.0063462709076702595, 0.04173467680811882, 0.010252965614199638, -0.008054492995142937, -0.034091610461473465, -0.006477307062596083, 0.042511701583862305, -0.08181287348270416, -0.0428650863468647, -0.009646261110901833, -0.005596781149506569, 0.00788751058280468, 0.04298759996891022, -0.02233344130218029, -0.016217980533838272, -0.04533347859978676, -0.018865833058953285, 0.03198756277561188, -0.0012517337454482913, 0.049992725253105164, -0.03139185532927513, 0.012927663512527943, 0.022335298359394073, 0.04683128371834755, 0.01343765389174223, -0.02135554887354374, 0.1211598813533783, -0.010969897732138634, 0.04590308666229248, -0.06508050858974457, -0.030299391597509384, -0.034820083528757095, 0.04512482136487961, -0.008205890655517578, 0.08166894316673279, 0.029216766357421875, -0.024580227211117744, 0.022360991686582565, 0.1446429193019867, 0.06862111389636993, 0.02972514182329178, 0.002375439740717411, -0.09580850601196289, 0.07744657248258591, 0.10725903511047363, 0.05396043509244919, -0.03830493241548538, 0.047134481370449066, -0.10400207340717316]"
4314400331,Data Analytics Engineer (Graduate One Year Intern),Henkel,"Cairo, Cairo, Egypt",2025-10-13,https://eg.linkedin.com/jobs/view/data-analytics-engineer-graduate-one-year-intern-at-henkel-4314400331,"About this Position
This position is part of the Global Business Solution (GBS+), IT Department.
What You´ll Do
Contribute to data analytics and digital transformation projects on global scale.
Work closely with business stakeholders to analyze processes, identify bottlenecks, and explore opportunities to leverage data and analytics for efficiency and insights.
Contribute to building dashboards and reports in Power BI, combining existing and new data sources to deliver actionable insights.
Support the design, development, and maintenance of data-driven solutions by piloting advanced tools and cloud technologies (e.g., Azure, Databricks).
Participate in data extraction, cleaning, and transformation using various tools.
Assist in data preprocessing and integration across multiple systems to ensure data accuracy, quality, and consistency.
Luxury to participate in data science and AI initiatives
What makes you a good fit
Bachelor’s degree in Computer Science, Business Informatics, Actuarial Sciences, or any related field.
0–1 year of relevant work experience in data analytics or engineering.
Proficient in statistical analysis using tools such as Python or R.
Solid foundation in programming languages: Python or Java.
Strong understanding of database fundamentals and proficiency in SQL.
Hands-on experience with data visualization tools such as Power BI or Tableau (mandatory).
Preferable experience with Microsoft Azure ecosystem (e.g., DevOps, Machine Learning, Databricks, etc.) and familiarity with SAP processes.
Fluent in English, with excellent communication and teamwork skills.
Proficient in Microsoft Office applications (Word, Excel, PowerPoint).
Some perks of joining Henkel
Flexible work scheme with flexible hours, hybrid work model, and work from anywhere policy for up to 30 days per year
Diverse national and international growth opportunities
Global wellbeing standards with health and preventive care programs
Gender-neutral parental leave for a minimum of 8 weeks
Employee Share Plan with voluntary investment and Henkel matching shares
Comprehensive Health Insurance for employee + dependents
Employee Assistance Program provides a wide range of mental health and wellbeing benefits
At Henkel, we come from a broad range of backgrounds, perspectives, and life experiences. We believe the uniqueness of all our employees is the power in us. Become part of the team and bring your uniqueness to us! We look for a diverse team of individuals who possess different backgrounds, experiences, personalities and mindsets.
Show more
Show less",Information Technology and Information Technology,"This role focuses on contributing to data analytics and digital transformation initiatives on a global scale by working with business stakeholders to analyze processes, develop data-driven solutions, and create dashboards that deliver actionable insights. It involves supporting data extraction, transformation, and visualization, along with participating in AI and data science projects to improve efficiency and data quality across systems.","['SQL', 'Python']","['data analytics', 'digital transformation', 'data visualization', 'cloud technologies', 'data extraction and transformation']",Data Analyst / Data Engineer,1.0,"[-0.006595921237021685, 0.0035601682029664516, -0.05669594928622246, -0.022448033094406128, 0.0010155175114050508, -0.07789994776248932, -0.03609599173069, -0.039286646991968155, 0.016304437071084976, 0.0029472524765878916, -0.0765567496418953, -0.023513291031122208, 0.04974527284502983, 0.03282589837908745, -0.0010967045091092587, 0.058683495968580246, -0.030458573251962662, -0.04706611484289169, -0.08656679838895798, -0.06351422518491745, 0.005876944400370121, -0.023922115564346313, -0.08605808019638062, -0.036444660276174545, -0.008857174776494503, 0.08822546899318695, 0.043832454830408096, -0.09425371140241623, -0.024564865976572037, -0.04938705265522003, -0.04962556064128876, 0.0008336178725585341, 0.025897089391946793, 0.06229931116104126, -0.07199067622423172, 0.022982873022556305, 0.09905436635017395, 0.04028461501002312, 0.028160730376839638, -0.05338810756802559, 0.03850189223885536, -0.06740277260541916, -0.037747614085674286, -0.0522041991353035, 0.05783652141690254, 0.018389157950878143, -0.0672718808054924, -0.02885451912879944, -0.02055935189127922, 0.049093592911958694, -0.15799133479595184, -0.034949418157339096, 0.025148101150989532, 0.05835375562310219, -0.00752838933840394, 0.04050041735172272, 0.06985730677843094, -0.029957670718431473, 0.009881740435957909, 0.014623316004872322, 0.027735522016882896, -0.020074568688869476, 0.07461827993392944, 0.04081727936863899, 0.02338556759059429, 0.0070443544536828995, -0.03854282945394516, 0.04784504324197769, -0.04087639972567558, -0.03126823529601097, -0.057627029716968536, -0.0229478869587183, -0.027125284075737, 0.01405327394604683, -0.03655689209699631, -0.01258004643023014, -0.03715601935982704, -0.005038787145167589, 0.09961120784282684, -0.06344004720449448, 0.0935870110988617, 0.11647767573595047, -0.010035984218120575, 0.14150632917881012, -0.026909908279776573, -0.0522187203168869, -0.024258730933070183, -0.017870500683784485, -0.025246549397706985, -0.00046923477202653885, -0.012185477651655674, 0.010884172283113003, 0.01581987552344799, 0.03377864509820938, -0.015399797819554806, -0.04606238380074501, -0.011936254799365997, -0.07687777280807495, 0.0885205790400505, 0.03871533274650574, -0.03583167493343353, 0.08250506222248077, 0.058222800493240356, -0.03833409771323204, -0.10818823426961899, -0.09502790123224258, 0.03011898137629032, 0.04441729560494423, -0.04431083798408508, -0.01006559282541275, 0.03879242390394211, -0.025764141231775284, -0.01977464184165001, -0.062238454818725586, 0.04298732429742813, -0.09944481402635574, -0.11098431050777435, 0.02759982831776142, -0.03824934363365173, 0.005892972927540541, 0.0079861581325531, 0.03762274608016014, -0.03149726614356041, 0.0662323608994484, 0.024332210421562195, 0.04266412556171417, -0.06764207780361176, -4.624652833879083e-34, -0.05811905860900879, 0.029853995889425278, 0.04188118502497673, 0.041633713990449905, 0.058158814907073975, -0.05324339121580124, -0.048423882573843, -0.006149963941425085, -0.05858718976378441, 0.0037718750536441803, -0.012614374980330467, 0.12792116403579712, -0.0025672358460724354, 0.0796998143196106, 0.03492701053619385, -0.03635304048657417, 0.044962719082832336, 0.08599692583084106, -0.0026937115471810102, -0.036388251930475235, 0.04776673763990402, -0.03885858133435249, 0.02816750481724739, 0.07045692950487137, 0.12537774443626404, 0.03369680047035217, -0.0072854855097830296, 0.020752087235450745, 0.05485181882977486, -0.0014984119916334748, -0.013400777243077755, -0.026530947536230087, -0.028341790661215782, -0.006744127720594406, 0.03535054624080658, -0.024535365402698517, -0.06170913577079773, -0.03883197903633118, 0.005556746385991573, 0.1048080325126648, -0.01056620478630066, -0.000729160092305392, -0.07603880017995834, 0.009216098114848137, -0.05596601963043213, 0.06811525672674179, 0.04378850385546684, -0.002256025094538927, 0.08891966938972473, -0.05965195596218109, 0.031790997833013535, -0.03846433013677597, 0.0418725349009037, 0.004668489098548889, 0.04001880809664726, -0.006866087205708027, 0.030275607481598854, -0.15912742912769318, 0.013702808879315853, -0.028215087950229645, -0.05326389521360397, -0.021330824121832848, -0.06407146900892258, 0.023917078971862793, -0.003617502050474286, 0.014982623048126698, 0.0374755896627903, 0.026459263637661934, 0.07163067907094955, -0.015447019599378109, -0.0433269739151001, 0.02381523884832859, 0.010519553907215595, 0.030220581218600273, -0.013181211426854134, -0.02756454050540924, -0.030245788395404816, 0.009060977958142757, 0.019444743171334267, 0.00996775459498167, -0.07109620422124863, -0.0416807159781456, 0.09166321158409119, -0.026612108573317528, 0.06799428910017014, -0.05013060197234154, 0.014478673227131367, 0.0063062445260584354, -0.056359656155109406, -0.010189357213675976, -0.08649685233831406, 0.0028071855194866657, -0.09140132367610931, 0.013225987553596497, 0.03088054619729519, -2.2723194768997627e-33, -0.0749916285276413, 0.024634618312120438, -0.008560786955058575, 0.07000424712896347, 0.010947959497570992, -0.010269160382449627, -0.05569341406226158, -0.02489503286778927, 0.09482629597187042, -0.006793393287807703, -0.06156574934720993, -0.0647871345281601, -0.005498834419995546, -0.004289464093744755, -0.0030897315591573715, 0.005312649998813868, -0.016260871663689613, -0.0706186592578888, -0.14365269243717194, -0.031991492956876755, 0.021630363538861275, 0.03659405931830406, -0.007764361798763275, -0.03353526443243027, 0.04439098387956619, 0.03511534631252289, 0.01488517690449953, -0.06090522184967995, 0.12200973182916641, 0.06628740578889847, -0.034049224108457565, -0.03699567914009094, -0.013557767495512962, -0.022330790758132935, -0.030632739886641502, 0.005428396165370941, 0.038534488528966904, -0.025242706760764122, 0.02066989056766033, 0.011821569874882698, -0.008894572965800762, 0.0018562551122158766, -0.024555247277021408, 0.004690744914114475, -0.039469655603170395, 0.07252486050128937, 0.04030454531311989, 0.10520026087760925, -0.039642468094825745, -0.04817391186952591, 0.062424421310424805, 0.06025778502225876, 0.02257808856666088, -0.020133379846811295, -0.0029188564512878656, -0.042193636298179626, 0.09486731886863708, -0.016360284760594368, -0.03663704916834831, 0.02519342489540577, -0.02606835775077343, -0.005230179987847805, 0.07295579463243484, 0.020062312483787537, -0.019174201413989067, -0.04389186203479767, 0.023992951959371567, 0.006873244885355234, -0.0682845190167427, -0.04413187503814697, 0.07172645628452301, -0.07998259365558624, -0.09467943757772446, -0.03895270451903343, -0.00937568861991167, -0.045295748859643936, -0.06622958928346634, -0.008455825038254261, -0.007664587814360857, 0.06712564080953598, 0.028152700513601303, -0.0017956255469471216, 0.07621214538812637, 0.0083433473482728, 0.017527220770716667, 0.007610830012708902, 0.003048633225262165, -0.00510040856897831, 0.026414718478918076, 0.04121061787009239, -0.113315649330616, -0.022599944844841957, -0.15710628032684326, 0.053647108376026154, -0.04897052422165871, -4.060995806298706e-08, -0.03321509435772896, 0.024802595376968384, 0.022905685007572174, 0.034444939345121384, 0.026594359427690506, 0.03267213702201843, 0.006904072593897581, 0.141805037856102, 0.02214328572154045, 0.029443297535181046, 0.03501497581601143, -0.0724072977900505, -0.005149439908564091, -0.029044095426797867, 0.08210771530866623, -0.012659439817070961, 0.032800719141960144, 0.015784772112965584, 0.023173507302999496, 0.03371811658143997, 0.02742975950241089, 0.021467581391334534, -0.08661916851997375, -0.04464908689260483, 0.07709427922964096, -0.08321846276521683, -0.04251692444086075, 0.05589934065937996, -0.05378805473446846, -0.06946548819541931, 0.007473596837371588, 0.015650684013962746, 0.020984182134270668, 0.04683740809559822, 0.025759566575288773, -0.06486522406339645, 0.057090435177087784, 0.06074563041329384, -0.028701795265078545, -0.05276435613632202, -0.03286566585302353, 0.1737266480922699, -0.04260934516787529, 0.0594555027782917, -0.10165069997310638, 0.001706017297692597, -0.03963416442275047, 0.042776595801115036, 0.022316718474030495, 0.014007906429469585, -0.044467341154813766, -0.038358502089977264, 0.02717362344264984, 0.0759144276380539, 0.04613025486469269, 0.03713863715529442, 0.03567768260836601, 0.01981883868575096, 0.019477954134345055, 0.10271922498941422, -0.008500123396515846, -0.005111392121762037, -0.00870932824909687, -0.031186388805508614]"
4297172003,Junior Data Engineer,Halan - حالا,"Cairo, Cairo, Egypt",2025-09-08,https://eg.linkedin.com/jobs/view/junior-data-engineer-at-halan-%D8%AD%D8%A7%D9%84%D8%A7-4297172003,"Job Overview:
We are seeking a talented and motivated Senior Data Engineer with expertise in Scala and Python to join our data engineering team. This individual will play a key role in the design, development, and optimization of our data infrastructure and data pipelines. The ideal candidate has a passion for building scalable, high-performance systems and is eager to broaden their knowledge across the entire data engineering stack, from hardware infrastructure to project development.
Key responsibilities:
• Collaborate with cross-functional teams to design, develop, and maintain data engineering solutions using Scala, Python, and Apache Spark.
• Implementation of new data engineering technologies, frameworks, and tools, such as HDFS, MongoDB, and PostgreSQL, to enhance performance, scalability, and efficiency.
• Understand and optimize hardware and resource consumption for data engineering projects.
• Develop a deep understanding of hardware infrastructure, including servers, clusters, and distributed systems, to ensure optimal data processing and storage.
• Design and architect high-performance, fault-tolerant, and scalable data pipelines.
• Conduct research and stay current with the latest advancements in data engineering, hardware technologies, and distributed computing paradigms.
• Mentor and guide junior team members, fostering a culture of continuous learning and skill development.
• Collaborate with stakeholders to gather requirements, propose technical solutions, and deliver high-quality data engineering projects.
Requirements:
• 1-3 years of professional experience as a Software Engineer, with a focus on data engineering.
• Keen interest in hardware infrastructure, resource consumption optimization, and data engineering project development.
• Proven ability to work effectively in an Agile development environment and manage multiple priorities.
• Strong problem-solving, analytical thinking, communication, and collaboration skills.
Technical Skills:
• Strong proficiency in Scala and Python IS A MUST, with hands-on experience in building robust and scalable applications.
• Solid understanding of data structures, algorithms, and OOP principles.
• Proficient with Apache Spark and familiar with HDFS, MongoDB, PostgreSQL, and other relevant data engineering technologies.
• Experience with relational databases (e.g., PostgreSQL, MySQL) and NoSQL databases (e.g., MongoDB, Cassandra).
Location:
• Giza
About MNT-Halan
Founded in 2018, Halan stands as Egypt’s premier super app, revolutionizing access to financial services through cutting-edge technology. Serving millions, we offer transformative solutions that redefine convenience, seamlessness, and cost-effectiveness for individuals and aspiring businesses alike.
https://www.linkedin.com/redir/redirect?url=https%3A%2F%2Fhalan%2Ecom%2F&urlhash=GATE&trk=about_website
Show more
Show less",Engineering,"The role involves designing, developing, and optimizing scalable data infrastructure and pipelines to enable efficient data processing and storage. The engineer will collaborate across teams to implement high-performance systems and ensure resource efficiency. The position also includes understanding hardware infrastructure and staying current with advancements in distributed computing to improve data engineering solutions.","['Scala', 'Python', 'Apache Spark', 'HDFS', 'PostgreSQL']","['data engineering', 'data pipelines', 'distributed systems', 'hardware infrastructure']",Senior Data Engineer,1.0,"[-0.006924206856638193, 0.06311443448066711, -0.023809459060430527, 0.0012946334900334477, -0.04308952018618584, -0.15227164328098297, -0.052227865904569626, -0.009498313069343567, -0.02075243927538395, -0.04322849214076996, -0.07787454128265381, -0.010932221077382565, 0.047632619738578796, -0.017270514741539955, -0.021099798381328583, 0.017024610191583633, -0.018863216042518616, -0.03352499380707741, -0.08815392851829529, -0.09245151281356812, -0.01582779735326767, -0.061351027339696884, -0.06301570683717728, -0.03886059299111366, -0.01901668682694435, 0.02189039997756481, 0.014138435013592243, -0.07174324989318848, -0.008194445632398129, -0.0579419881105423, 0.0070323701947927475, -0.016752630472183228, 0.027824925258755684, 0.10448246449232101, -0.08290259540081024, 0.07937382161617279, 0.09841793775558472, -0.0866350382566452, 0.021698301658034325, -0.03483200818300247, 0.005707417149096727, -0.06982029974460602, -0.1089511513710022, 0.0002225685166195035, -0.027694256976246834, 0.003468087874352932, 0.053655534982681274, -0.04656374081969261, -0.043104130774736404, -0.016815945506095886, -0.08591281622648239, -0.04854166507720947, 0.018671803176403046, 0.05790353938937187, -0.0353715680539608, 0.06264376640319824, 0.09404738992452621, -0.062356624752283096, 0.01459368783980608, 0.003007645485922694, 0.028568210080266, -0.09992135316133499, 0.007020788732916117, 0.07877622544765472, 0.031992990523576736, -0.055692270398139954, 0.05227813497185707, -0.004893466830253601, 0.03723679110407829, -0.09993565827608109, 0.034422438591718674, -0.02365594543516636, -0.023969139903783798, -0.0006424598395824432, -0.008046234957873821, 0.0021394561044871807, 0.025693153962492943, 0.027688374742865562, 0.10284315049648285, -0.04536258801817894, 0.028442390263080597, 0.02746702916920185, -0.04266215115785599, 0.06601545214653015, -0.033650707453489304, -0.043600894510746, -0.05030475929379463, 0.015333794988691807, -0.049766868352890015, -0.020795945078134537, 0.025568490847945213, 0.01691422425210476, 0.03251323103904724, 0.03185131773352623, -0.04977181553840637, 0.016474897041916847, 0.04229774698615074, -0.04806392267346382, -0.03172290325164795, 0.044285353273153305, 0.02200467139482498, 0.06484749168157578, 0.07584600895643234, 0.010569993406534195, -0.07698631286621094, -0.04269077256321907, -0.02330363355576992, 0.07217734307050705, -0.09325680136680603, -0.07764019072055817, 0.0031877467408776283, 0.018001990392804146, -0.0570620633661747, 0.014544537290930748, -0.0003256469208281487, -0.033832550048828125, -0.10803958028554916, 0.057052385061979294, -0.04136982932686806, -0.04090413451194763, -0.008657041005790234, -0.0153357470408082, -0.042226944118738174, -0.030725255608558655, 0.06735876947641373, 0.022520972415804863, -0.062353748828172684, -6.585133128630878e-34, -0.016740860417485237, 0.008687563240528107, -0.008200448006391525, -0.02037736400961876, 0.05303334444761276, -0.0674232691526413, 0.033870451152324677, 0.034253157675266266, -0.13704141974449158, -0.0446656160056591, -0.02973945625126362, -0.0010880567133426666, 0.03638933226466179, 0.04795956239104271, 0.07056491076946259, -0.05888750031590462, -0.016439156606793404, 0.10108006000518799, 0.014882679097354412, 0.02890574373304844, 0.055382758378982544, -0.0512121357023716, 0.0007916171452961862, 0.035761378705501556, 0.09624617546796799, -0.029737219214439392, 0.0007207475719042122, -0.027384603396058083, 0.00937458872795105, 0.05627448856830597, -0.06375699490308762, 0.011514779180288315, 0.014049148187041283, 0.03367427736520767, 0.05403825640678406, 0.006302694324404001, -0.01725505292415619, -0.05119382590055466, 0.03608032315969467, 0.06872253119945526, 0.024414900690317154, 0.05302955210208893, -0.030931390821933746, -0.06541577726602554, -0.09164076298475266, 0.0176929272711277, -0.0065874624997377396, 0.0422837920486927, 0.022598883137106895, -0.009842474944889545, 0.05843687057495117, 0.016532350331544876, 0.10954933613538742, 0.03787035122513771, 0.13937489688396454, 0.013036631979048252, 0.05699935182929039, -0.06277401000261307, 0.06784787029027939, 0.1339198350906372, -0.09342049062252045, -0.007490560412406921, -0.08197309821844101, 0.0864829421043396, 0.028606541454792023, -0.03808820992708206, 0.10042405873537064, 0.023620571941137314, 0.060933880507946014, 0.006548122502863407, -0.06012449786067009, -0.010364465415477753, 0.05742678418755531, 0.021238986402750015, -0.013462483882904053, -0.010562355630099773, -0.06401296705007553, -0.032287999987602234, 0.020598452538251877, 0.024019787088036537, -0.09103564918041229, 0.032980311661958694, -0.005949351470917463, 0.021802829578518867, 0.02944771945476532, -0.04661566764116287, -0.05785611271858215, 0.021055106073617935, -0.09983094036579132, 0.018344810232520103, -0.03254491835832596, -0.020532844588160515, 0.059753499925136566, 0.048819128423929214, -0.009570904076099396, -1.787083857745969e-33, -0.0395672507584095, 0.0063798995688557625, -0.03950786218047142, 0.07843644917011261, 0.052996449172496796, -0.006464306730777025, 0.004867963958531618, -0.10029337555170059, 0.020835530012845993, 0.023273823782801628, -0.06107214838266373, -0.018321475014090538, 0.04356769099831581, -0.01566164754331112, -0.0005513699143193662, -0.010216658003628254, -0.0057750544510781765, -0.10849698632955551, -0.05650528147816658, 0.00034354018862359226, 0.012117468751966953, 0.004458941984921694, 0.0025209577288478613, -0.003294625086709857, 0.035721804946660995, 0.005007624626159668, -0.02670436166226864, -0.05212833359837532, 0.031875744462013245, 0.027754046022892, 0.007448103744536638, -0.039940714836120605, 0.004975826013833284, -0.08303527534008026, -0.002733001485466957, -0.0014744228683412075, 0.05209483206272125, 0.03100203163921833, 0.03899608924984932, -0.010915245860815048, 0.07060962915420532, 0.008560298942029476, -0.023428943008184433, -0.04135618358850479, 0.006338339298963547, 0.06906677037477493, -0.015611548908054829, 0.022023959085345268, -0.0293841902166605, -0.01708870753645897, 0.022171899676322937, 0.0599697083234787, 0.059892117977142334, 0.0008034806814976037, 0.05436288192868233, -0.018888920545578003, -0.017306149005889893, 0.0199759379029274, -0.02673148550093174, -0.017809247598052025, 0.008227298967540264, -0.05698785558342934, 0.10777933150529861, 0.064445361495018, -0.019975721836090088, -0.019146189093589783, 0.025899143889546394, -0.004120238125324249, -0.10536730289459229, -0.039119936525821686, 0.037541281431913376, -0.07937352359294891, -0.05960894003510475, 0.06692687422037125, -0.05262160301208496, -0.059908635914325714, -0.06516628712415695, -0.04036584869027138, 0.011214890517294407, 0.13085703551769257, -0.02575652487576008, 0.08477321267127991, -0.01393154263496399, 0.04766446724534035, 0.017719995230436325, -0.024667447432875633, 0.060223691165447235, -0.02784634567797184, 0.05139418691396713, -0.07274564355611801, -0.05682436004281044, 0.017775921151041985, -0.15994642674922943, 0.01781635545194149, -0.03158823773264885, -4.216460425254809e-08, -0.03239704295992851, -0.03988920524716377, -0.029583550989627838, -0.014008796773850918, -0.006461253855377436, -0.003553817979991436, 0.002440070267766714, 0.08749931305646896, 0.08589163422584534, 0.02539278008043766, 0.1049404963850975, -0.06261932104825974, 0.02639605849981308, -0.05032522976398468, 0.14985838532447815, 0.04843493923544884, 0.009851853363215923, -0.0009558979654684663, -0.06496889889240265, -0.05728933960199356, 0.057293716818094254, 0.021908966824412346, -0.005087713245302439, 0.006583815906196833, 0.04963930323719978, -0.04997257888317108, 0.0400925874710083, 0.0014578821137547493, -0.06013121083378792, -0.04635865241289139, -0.023934202268719673, -0.041934169828891754, -0.0024529644288122654, 0.05059468373656273, 0.10227393358945847, -0.01725473441183567, 0.05341525003314018, 0.05696115642786026, 0.07617656886577606, -0.018965721130371094, -0.03921889141201973, 0.04296562448143959, -0.02208045870065689, 0.05429496243596077, 0.008650408126413822, -0.0013034376315772533, -0.0792989432811737, 0.1181577518582344, -0.035528525710105896, 0.036099739372730255, -0.03311150148510933, -0.0048698727041482925, -0.013821693137288094, 0.0916890949010849, 0.03746667876839638, 0.04334317520260811, -0.01631125621497631, -0.04701197147369385, 0.045949533581733704, 0.053468190133571625, 0.05105329304933548, 0.02115298993885517, 0.02896188758313656, -0.047898415476083755]"
4316893327,Database Engineer,Iskraemeco,"New Cairo, Cairo, Egypt",2025-10-19,https://eg.linkedin.com/jobs/view/database-engineer-at-iskraemeco-4316893327,"About us:
Elsewedy Electric: Powering Progress, Empowering People.
For over 80 years
, Elsewedy Electric
has been a leading manufacturer of electrical products and solutions, operating in 19 countries with over 18,000 employees. We offer a diverse range of products across wire & cable, electrical equipment, engineering & construction, digital solutions, and infrastructure investments. Beyond our manufacturing prowess, we're passionate about creating a positive and empowering work environment for our team. We foster a culture of diversity, inclusion, and continuous learning, providing opportunities for professional development and career growth. Our commitment to employee well-being extends beyond compensation with initiatives promoting work-life balance and overall well-being. Join us and be part of a company that's not just powering progress, but empowering people to build a brighter future.
This job opportunity is offered by
Elsewedy Electric Graduate Development Program
The program is designed for Graduates with 0-2 years' of experience. The program offers various job rotations, mentorships, coaching & trainings.
Job Responsibilities:
Monitor and support business applications running on SQL Server databases.
Troubleshoot application and database issues, and provide solutions or escalate when required.
Write and optimize basic SQL queries for reporting and issue resolution.
Perform routine database tasks such as backup, restore, and user access management.
Install and configure new application releases, updates, and patches.
Provide technical support to end-users and customers for application-related issues.
Collaborate with internal teams to ensure smooth application performance and high availability.
Job Qualifications:
Education: Bachelor's degree in Computer Science or any relevant field
Years of experience: 0 - 2
Databases: Microsoft SQL Server (Queries, Joins, Stored Procedures, Backup & Restore)
Tools: SQL Server Management Studio (SSMS)
Concepts: Database Design, Query Optimization, Troubleshooting, Data Analysis
Operating Systems: Windows
Show more
Show less",Engineering,"This role involves monitoring and supporting business applications that are primarily database-driven, with a focus on SQL Server databases. The key responsibilities include troubleshooting, performing routine database tasks, and ensuring high application availability. The role supports the business by maintaining stable and optimized database environments to facilitate reliable application performance.",['SQL'],"['database', 'SQL Server', 'application support', 'troubleshooting']",Database Support Engineer,0.0,"[0.008589914999902248, -0.02601361647248268, -0.03091011941432953, 0.028992054983973503, -0.03851856291294098, -0.007584122009575367, 0.09480991959571838, -0.027997303754091263, -0.03205951675772667, -0.03551759570837021, -0.07196430116891861, 0.02254284732043743, 0.07515192031860352, -0.002788813319057226, -0.04330465942621231, 0.025348098948597908, 0.06743031740188599, -0.02891102433204651, -0.05367955192923546, 0.021971603855490685, -0.10768997669219971, -0.03751905634999275, -0.016302939504384995, 0.05482780933380127, -0.13232861459255219, -0.009023741818964481, 0.04654629901051521, -0.04006350785493851, -0.010877841152250767, -0.049226876348257065, 0.010078346356749535, -0.02597987838089466, 0.03984575718641281, 0.08634025603532791, -0.11813738942146301, -0.004826695658266544, 0.11922775954008102, -0.021918535232543945, 0.009963673539459705, -0.05738949403166771, -0.00693085789680481, -0.05924052745103836, -0.10156489163637161, 0.04371381178498268, 0.04865671694278717, -0.06523622572422028, 0.01858310028910637, -0.04260116070508957, -0.06927647441625595, 0.02833140827715397, -0.0008981837891042233, -0.042241498827934265, 0.04698900133371353, 0.0430537685751915, 0.017171625047922134, 0.1284118890762329, 0.05054377391934395, -0.015897272154688835, -0.02316884696483612, 0.030719486996531487, 0.06129607558250427, 0.00923934392631054, -0.05116110295057297, 0.023733193054795265, 0.06792306900024414, -0.059824615716934204, -0.027335943654179573, -0.0672193169593811, 0.006581360008567572, -0.10127755999565125, -0.0582573302090168, -0.046646736562252045, -0.06362102180719376, 0.021493790671229362, -0.05080684646964073, -0.020558316260576248, -0.025671204552054405, -0.0254521407186985, 0.06867121905088425, -0.021781861782073975, 0.03047172725200653, 0.07786711305379868, -0.0006287533324211836, 0.11989593505859375, -0.01731216348707676, -0.06790827959775925, 0.09081589430570602, -0.01253896951675415, 0.008777935057878494, 0.034797899425029755, 0.06951746344566345, -0.018790829926729202, 0.007355358451604843, -0.060466572642326355, -0.03589403256773949, 0.020630953833460808, -0.039712876081466675, -0.03652815520763397, 0.0911957249045372, 0.0016119518550112844, 0.05840510129928589, 0.0034239506348967552, 0.029820887371897697, 0.043313734233379364, -0.07056352496147156, -0.05484616756439209, 0.027122128754854202, -0.016528503969311714, 0.0043622637167572975, -0.027511993423104286, -0.008219677954912186, 0.007219350431114435, -0.01329500786960125, -0.04724177345633507, -0.023965416476130486, -0.04186268150806427, -0.10529625415802002, -0.015608688816428185, -0.03651551157236099, 0.0040353345684707165, 0.010586360469460487, 0.08213873207569122, 0.04281974583864212, -0.07936462014913559, 0.08949685841798782, 0.05400590971112251, -0.046562209725379944, -7.141855518374968e-34, -0.005339678376913071, 0.01837734691798687, -0.0045839096419513226, 0.016725776717066765, 0.000659954734146595, -0.007908426225185394, -0.04380190372467041, -0.037237271666526794, -0.07075750827789307, 0.020027851685881615, 0.0013660681433975697, 0.04992302879691124, -0.02571095898747444, -0.007487573195248842, 0.06300201267004013, 0.03829285874962807, 0.008293680846691132, 0.14664515852928162, 0.020877810195088387, -0.006785770878195763, 0.02459525875747204, -0.041503190994262695, -0.018035156652331352, 0.051513608545064926, 0.08340790122747421, 0.0008307553944177926, 0.006375295575708151, 0.0869673416018486, 0.0405544750392437, 0.029651671648025513, 0.04381316155195236, -0.05394568666815758, -0.10573317855596542, 0.057622428983449936, 0.05075113847851753, -0.03661729767918587, -0.05986985191702843, -0.05035661160945892, 0.058249589055776596, 0.012505484744906425, -0.04363793507218361, 0.007954963482916355, 0.01705380156636238, 0.04657284915447235, -0.060514919459819794, 0.02098662592470646, 0.013773608952760696, 0.03733284771442413, 0.008543809875845909, 0.003195828991010785, 0.03178269788622856, -0.00797926913946867, 0.06674396246671677, 0.03536767140030861, 0.01563419960439205, 0.04352893307805061, 0.05845460295677185, -0.15410031378269196, -0.0004454422160051763, -0.013341705314815044, -0.05206069350242615, -0.1045960858464241, -0.09900256246328354, -0.005040065385401249, 0.05708271637558937, 0.017273176461458206, 0.0762227475643158, -0.03538517281413078, 0.037794120609760284, -0.036372024565935135, -0.07829168438911438, -0.04555976763367653, 0.11637640744447708, -0.0049994769506156445, -0.08292218297719955, -0.0039522224105894566, -0.07304316759109497, -0.06462155282497406, 0.02958558313548565, 0.08299072086811066, -0.03448048606514931, -0.05809570103883743, -0.00036519509740173817, -0.02163938246667385, -0.01918354630470276, -0.04191724956035614, -0.039307814091444016, -0.054107364267110825, -0.012817108072340488, -0.02589230239391327, -0.004390825051814318, 0.025879260152578354, -0.009303592145442963, 0.06148986518383026, 0.013254908844828606, -2.116097563372427e-33, 0.0430150106549263, -0.06047641858458519, -0.015046107582747936, -0.01883671060204506, -0.02920827455818653, 0.0032390400301665068, -0.09381791949272156, -0.08589378744363785, -0.0460762158036232, -0.03698904812335968, -0.07555659115314484, -0.04677968472242355, -0.02606884017586708, 0.011406066827476025, -0.07267456501722336, 0.0010094272438436747, -0.0037578982301056385, -0.04851466417312622, -0.05416736379265785, 0.02308693900704384, 5.433459227788262e-05, 0.048867397010326385, -0.0072770146653056145, 0.011290485970675945, -0.020935701206326485, 0.016915826126933098, -0.07146346569061279, -0.03129715472459793, 0.056748729199171066, 0.05342245474457741, 0.009144135750830173, -0.04315856471657753, 0.040587134659290314, -0.050305332988500595, -0.04495294392108917, 0.0027086238842457533, 0.04426485672593117, -0.027665242552757263, 0.01021535787731409, 0.018813855946063995, 0.058281298726797104, 0.07670238614082336, 0.08294352144002914, -0.02388824336230755, -0.0035585439763963223, 0.1037045568227768, -0.015796706080436707, 0.022085092961788177, -0.04736410453915596, -0.06336881965398788, -0.03208945691585541, 0.002009464893490076, 0.10815642774105072, 0.07772786915302277, 0.037092290818691254, 0.03752117231488228, -0.038656238466501236, -0.015621185302734375, 0.007195049896836281, 0.04655185714364052, -0.021159641444683075, 0.02862657606601715, 0.07972534000873566, 0.04316173866391182, -0.023281168192625046, 0.08409538120031357, 0.020100736990571022, -0.021662453189492226, -0.02884291112422943, -0.0897584930062294, 0.03797321021556854, -0.07720322161912918, -0.004731114488095045, 0.03990979492664337, -0.017640912905335426, -0.004704930819571018, -0.08363854885101318, -0.08796622604131699, -0.03824130445718765, 0.07907059788703918, -0.03303961083292961, -0.05443572625517845, -0.03629891946911812, -0.01054899487644434, -0.05085122957825661, -0.043593402951955795, -0.01184605062007904, -0.09011086076498032, 0.03156217187643051, -0.11258091032505035, -0.05621090903878212, 0.00761398347094655, -0.10717214643955231, 0.051626358181238174, 0.0007392532425001264, -3.512426616225639e-08, -0.08870996534824371, -0.0007603468839079142, -0.006501315627247095, -0.07988767325878143, 0.06281768530607224, -0.039748698472976685, 0.02320537343621254, 0.06530485302209854, 0.08491384983062744, 0.06346254795789719, 0.04722747206687927, -0.08633159101009369, -0.002040551044046879, -0.025316469371318817, 0.16227926313877106, 0.0016620056703686714, 0.06228693202137947, 0.03120020218193531, -0.05926705524325371, 0.03708552569150925, 0.05649593472480774, 0.012588145211338997, -0.005222244653850794, 0.0069234948605299, 0.022037044167518616, -0.058363985270261765, 0.04914073273539543, 0.0992119088768959, -0.0597163625061512, 0.011064635589718819, 0.04743005335330963, 0.05459162965416908, 0.06992443650960922, 0.0453038364648819, 0.0016855805879458785, 0.08748721331357956, 0.04526165872812271, 0.013701489195227623, 0.03163939341902733, -0.0015728456201031804, -0.033474940806627274, 0.056332044303417206, -0.019378339871764183, 0.0715840682387352, -0.04179604724049568, 0.02298397570848465, -0.024734392762184143, 0.052635256201028824, 0.007368663791567087, -0.009404022246599197, 0.017374902963638306, -0.012226804159581661, 0.017799269407987595, 0.06653258204460144, -0.013163324445486069, 0.06401076912879944, 0.037366192787885666, -0.015486192889511585, 0.049379341304302216, 0.03946959972381592, -0.01290219184011221, 0.027746589854359627, 0.05714787542819977, -0.07592761516571045]"
4300290745,Junior Software Engineer,Halan - حالا,"Cairo, Cairo, Egypt",2025-09-14,https://eg.linkedin.com/jobs/view/junior-software-engineer-at-halan-%D8%AD%D8%A7%D9%84%D8%A7-4300290745,"About the Role:
We are looking for a motivated and enthusiastic Junior Software Engineer to join our growing team. As a part of our development team, you will work on building scalable backend services and dynamic user interfaces. You will be encouraged to learn, grow, and contribute to real-world projects using modern technologies.
Responsibilities:
Assist in the design, development, testing, and maintenance of backend services using
Go (Golang).
Collaborate on building responsive and interactive web applications using
React.js
and
TypeScript.
Participate in code reviews, debugging, and performance tuning.
Write clean, maintainable, and well-documented code.
Learn and apply best practices in software engineering and agile development.
Qualifications:
Basic understanding of
Go (Golang)
and experience building backend
APIs
or services is a plus.
Familiarity with
React.js
and TypeScript for frontend development.
Understanding of
REST APIs, Git
, and general software development practices.
Eagerness to learn and grow in a collaborative team environment.
Good problem-solving and communication skills.
Nice to Have:
Experience with
Docker
or containerized environments.
Knowledge of databases
(SQL or NoSQL).
Exposure to
CI/CD
pipelines.
Show more
Show less",Engineering,"This role involves building scalable backend services and dynamic web interfaces within a collaborative development environment. The engineer will participate in designing, developing, testing, and maintaining APIs and frontend applications, aiming to deliver robust and responsive software solutions. The focus is on learning and applying best practices in software engineering and agile methodologies to support project success.","['Go', 'REST APIs']","['backend services', 'web applications', 'APIs', 'software development']",Junior Software Engineer,,"[-0.024702303111553192, -0.000698257761541754, -0.035772450268268585, 0.0194734875112772, -0.001916807610541582, -0.05072200670838356, -0.02473348006606102, 0.04596807435154915, -0.03514840081334114, -0.039848968386650085, -0.01100883912295103, 0.03454908728599548, 0.08211509883403778, -0.0074007692746818066, 0.0441870391368866, -0.005447143688797951, 0.003950013313442469, -0.07743173092603683, 0.024959681555628777, -0.0674566775560379, -0.03159596025943756, 0.029968511313199997, -0.020354416221380234, 0.031131014227867126, -0.06726725399494171, 0.057505153119564056, 0.021896952763199806, -0.06150344759225845, 0.018538184463977814, -0.0483403280377388, -0.024023674428462982, -0.04178215190768242, -0.0052162338979542255, 0.02920963242650032, -0.08597148209810257, 0.12452003359794617, 0.04200490936636925, -0.11436807364225388, 0.005379765760153532, -0.018897859379649162, -0.17021536827087402, -0.01390177384018898, -0.036172054708004, -0.07002813369035721, -0.01632397249341011, -0.1313912719488144, 0.03136112540960312, -0.04836646094918251, -0.03411547839641571, -0.008722851984202862, -0.028874939307570457, -0.05797619745135307, 0.025973601266741753, -0.03742081671953201, -0.03312668576836586, 0.056932032108306885, 0.005909921135753393, -0.03260316327214241, -0.020672449842095375, -0.04152299091219902, 0.019805533811450005, -0.011662857607007027, 0.02904161624610424, 0.00027162095648236573, -0.010615159757435322, -0.051399022340774536, -0.006375767756253481, 0.027168752625584602, 0.03875160589814186, -0.089955635368824, -0.052851222455501556, -0.012927425093948841, 0.029825488105416298, -0.01285142358392477, 0.014454991556704044, -0.01919488050043583, -0.006085685919970274, 0.03127901628613472, 0.05110131949186325, 0.02063918672502041, 0.0016185339773073792, 0.04074045643210411, -0.055835362523794174, 0.0720401480793953, -0.02129531465470791, 0.011655922047793865, 0.062069833278656006, 0.025119246914982796, -0.006776010151952505, -0.004456330090761185, 0.0325963981449604, -0.0009723563562147319, 0.013965969905257225, -0.011960680596530437, -0.01016395166516304, 0.010597792454063892, 0.06169731914997101, -0.11397334188222885, -0.060211244970560074, 0.04998825863003731, -0.0220912154763937, 0.019942626357078552, 0.07357576489448547, -0.021334830671548843, -0.050585996359586716, 0.0107948062941432, 0.04330441355705261, 0.028940947726368904, 0.07968516647815704, -0.0750696137547493, -0.03736836835741997, -0.013534712605178356, -0.04035526514053345, -0.0038398182950913906, 0.038167554885149, -0.022962167859077454, -0.028718478977680206, -0.015352069400250912, -0.015223677270114422, -0.01979791559278965, 0.03989557549357414, 0.09941934049129486, 0.028954634442925453, -0.023616895079612732, 0.12701217830181122, -0.026833826676011086, 0.017620287835597992, 1.9774620555238503e-34, 0.08515550941228867, 0.05590696260333061, -0.06569711118936539, 0.05494152382016182, 0.06220053508877754, -0.04031367227435112, 0.030749864876270294, 0.04908616095781326, -0.03714999184012413, -0.10903854668140411, 0.059513580054044724, 0.03593488037586212, 0.05704391747713089, 0.03350699692964554, 0.08848031610250473, -0.08987970650196075, -0.061227425932884216, 0.061810337007045746, 0.020834017544984818, -0.04366297274827957, -0.0473208986222744, -0.09499355405569077, 0.042626190930604935, 0.010906067676842213, 0.01877947896718979, 0.05118454992771149, 0.09942279011011124, 0.1396818906068802, 0.018780691549181938, 0.013906019739806652, 0.015491893514990807, -0.01974296383559704, -0.04089540243148804, 0.046901289373636246, -0.04875648021697998, 0.05990211293101311, -0.1253250539302826, -0.04216688498854637, 0.007688269950449467, 0.06755383312702179, -0.025575803592801094, 0.0006363049615174532, -0.07770418375730515, -0.03344537317752838, 0.044741641730070114, -0.015946343541145325, 0.034337129443883896, -0.0013682082062587142, -0.003858024487271905, -0.04870444908738136, -0.04252350702881813, -0.044579870998859406, 0.11275459825992584, 0.06175016239285469, 0.0014946822775527835, 0.03148380294442177, 0.07803485542535782, -0.07653960585594177, -0.029580604285001755, 0.0024244445376098156, -0.005383651237934828, -0.08720652014017105, -0.11970078200101852, 0.027305968105793, -0.021650662645697594, -0.014367073774337769, 0.07724092155694962, 0.005578771233558655, 0.11621294915676117, -0.05328264832496643, -0.0054685333743691444, 0.009121363051235676, 0.08241614699363708, 0.039904214441776276, -0.06745687127113342, -0.028980230912566185, -0.0043539246544241905, 0.0092988396063447, 0.101416677236557, 0.023275410756468773, -0.05711473152041435, 0.008005637675523758, 0.012183991260826588, 0.010340653359889984, 0.032278504222631454, 0.035660214722156525, -0.009680872783064842, -0.024943869560956955, -0.08901707828044891, 0.09897974878549576, -0.012729957699775696, -0.0501946285367012, 0.0704980343580246, 0.04137273132801056, 0.06846250593662262, -1.67672110125108e-33, -0.05266622453927994, -0.027117155492305756, -0.06049774959683418, 0.046332623809576035, 0.08175299316644669, -0.018204161897301674, -0.029165374115109444, 0.015473169274628162, -0.033358875662088394, 0.025392863899469376, -0.036645833402872086, 0.011692245490849018, -0.02911435067653656, 0.007668645586818457, -0.05323072895407677, 0.04186885058879852, -0.02652728743851185, -0.10673820972442627, 0.04151999205350876, 0.007726896088570356, -0.006676253397017717, -0.003998700063675642, 0.044293150305747986, -0.0252099446952343, -0.0005413873004727066, 0.0006126080406829715, 0.0220450758934021, -0.0376821793615818, -0.011524947360157967, -0.03815997764468193, 0.09273392707109451, -0.08888135850429535, 0.009007742628455162, -0.026139549911022186, 0.014651553705334663, 0.03808801248669624, -0.007810037117451429, 0.005355506204068661, -0.009236977435648441, 0.012387887574732304, 0.06652645766735077, -0.0734935849905014, -0.02912663109600544, -0.0508183054625988, -0.015619367361068726, 0.06756863743066788, -0.05105748400092125, 0.008963199332356453, -0.04264424368739128, -0.03939208388328552, 0.07177698612213135, 0.02129732258617878, 0.047351058572530746, -0.14847733080387115, -0.022272007539868355, -0.042444344609975815, 0.0801582783460617, 0.026126597076654434, 0.02475161850452423, 0.06013482064008713, -0.0011034772032871842, -0.019170479848980904, 0.10933076590299606, 0.13928069174289703, -0.035449396818876266, -0.048940982669591904, -0.06601673364639282, 0.08884043246507645, -0.08749306946992874, 0.03667514771223068, -0.028105830773711205, -0.052154868841171265, -0.026168379932641983, -0.019368663430213928, -0.00035324759664945304, -0.043258409947156906, -0.05825139582157135, -0.09955427050590515, 0.0010480525670573115, -0.023881662636995316, -0.018513744696974754, 0.011438874527812004, -0.027862492948770523, 0.04648495465517044, -0.09036922454833984, -0.0029000581707805395, 0.02599581703543663, 0.07596490532159805, 0.03842264041304588, 0.0196533165872097, -0.08133681863546371, 0.030722958967089653, -0.0398038886487484, -0.019232382997870445, -0.019928239285945892, -4.5016236072115134e-08, -0.04627324268221855, 0.04145076498389244, -0.0323968231678009, 0.012752505019307137, -0.019137155264616013, 0.11236964166164398, -0.0014808294363319874, 0.06671128422021866, 0.07428393512964249, 0.01973881386220455, -0.04478543996810913, -0.03062788024544716, -0.04331943765282631, 0.085819311439991, 0.032969698309898376, 0.06942161172628403, -0.0605938620865345, 0.03726736083626747, -0.03587821125984192, -0.10301648825407028, 0.049970295280218124, 0.013337410986423492, -0.0003881071461364627, 0.02562214434146881, 0.06406395137310028, -0.013034581206738949, 0.013255119323730469, 0.07756070047616959, -0.023560864850878716, -0.038675982505083084, 0.024076389148831367, 4.541854286799207e-05, -0.00841228011995554, 0.0011534600052982569, 0.04114408791065216, 0.014891157858073711, 0.04562593251466751, -0.004169986117631197, 0.04771856963634491, 0.033949609845876694, -0.045003678649663925, 0.08483972400426865, 0.051132842898368835, 0.018788373097777367, -0.05679260566830635, 0.05738081783056259, -0.0919213593006134, 0.004659644793719053, -0.002058926736935973, -0.04022729769349098, -0.07882912456989288, -0.09636489301919937, -0.02540472149848938, 0.032470494508743286, 0.0466470941901207, 0.02885790541768074, 0.016300197690725327, -0.039975620806217194, 0.05834460258483887, 0.04681398719549179, -0.014932235702872276, 0.07806913554668427, 0.08118808269500732, 0.0829131230711937]"
4118157355,Data Engineer (m/f/d),sonnen Egypt,"Cairo, Cairo, Egypt",2025-10-29,https://eg.linkedin.com/jobs/view/data-engineer-m-f-d-at-sonnen-egypt-4118157355,"Standort
Cairo, EG
Stellen-ID
: 4758
At the earliest date possible we are looking for support for our #teamsonnen
Clean and affordable energy for all is one of the greatest challenges of our time. Sonnen has been committed to this mission since 2010 and is now represented in Europe, the USA and Australia with over 1,000 team members globally. In Germany, our offices are located in the beautiful Wildpoldsried (Allgäu) and the vibrating heart of Berlin Kreuzberg.
At sonnen, we are building the energy system of the future. To this end, we are developing new technologies and business models that have not existed before. Whether intelligent power storage, virtual power plants or digital services - we set the trends of a new energy world. That means, among other things, the inexpensive production and storage of renewable energy and the intelligent networking of producers and consumers. sonnen thereby gives people around the world the opportunity to become independent of fossil fuels and conventional energy supplier.
We are growing steadily and are looking for people who want to join us in our vision of clean and affordable energy for all while making a positive impact on climate change.
We are seeking a Data Engineer (m/f/d) to join our team and play a pivotal role in enabling our Business Intelligence and Data Science teams. As a Data Engineer, you will be responsible for maintaining and enhancing our AWS-based analytics platform, provisioning data from various sources, and enabling the development and stable operation of analytical solutions. We’re looking for someone who shares our values, who isn’t afraid to challenge existing processes, and who would like to work on innovative solutions in a fast-moving environment. If this sounds like you, then don’t hesitate to get in touch.
What you will do to help drive the energy transition:
(Senior) Define and design the architecture of our analytics platform, ensuring scalability, performance, and reliability.
You design and build scalable data pipelines, ETL processes, and data lake and data warehousing solutions to support our analytics solutions.
You develop and maintain data integration processes with a variety of structured and unstructured data sources.
You implement, test, and maintain infrastructural components of sonnen’s analytics platform and deploy and maintain data models.
You implement data quality checks and monitoring mechanisms to ensure accuracy, completeness, and consistency of data.
You define coding principles and support data scientists and analysts in implementing algorithms into operational solutions.
Adhere to stringent quality assurance and documentation standards, utilizing version control and code repositories such as Gitlab.
You stay up to date with emerging trends and technologies in data engineering and assess their potential applications to our business needs.
(Senior) Share your knowledge by coaching/pair coding with more junior engineers.
What You Will Need On That Journey
Bachelor’s degree in computer science or a related technical field.
+3 years of relevant employment experience in roles such as Data Scientist, Data Engineer, or Data Architect.
+3 years of experience with ETL tools, Data Modeling, and Data Architecture.
Experience with Big Data technologies such as Hadoop, Hive, and Spark.
Ability to translate organizational goals into technical solutions.
Experience with Infrastructure as Code (experience in Terraform and Ansible are a plus).
Proficiency in Python, SQL, and NoSQL.
Excellent communication and project management skills.
Stellensegment:
Data Warehouse, Business Intelligence, Computer Science, Quality Assurance, Project Manager, Technology
Show more
Show less",Information Technology,"The role involves designing, implementing, and maintaining a scalable and reliable analytics platform on AWS. The engineer will develop data pipelines, integrate various data sources, and support data science and analytics teams to ensure accurate, high-quality data for business insights and decision making. This position is critical to enable data-driven solutions that support the company's energy transition mission.","['Python', 'SQL', 'NoSQL', 'AWS']","['Data Warehouse', 'Business Intelligence', 'Data Engineering']",Data Engineer,3.0,"[-0.04840165376663208, 0.05866458639502525, -0.019991524517536163, 0.05432393401861191, -0.0054855202324688435, -0.07287713885307312, -0.03392142429947853, -0.028487371280789375, 0.01180077251046896, 0.002879365114495158, -0.06811752170324326, -0.04302924498915672, 0.06736589968204498, -0.048682812601327896, 0.007932598702609539, 0.04601103439927101, -0.00852255430072546, -0.08861258625984192, -0.047082219272851944, -0.10526660084724426, -0.05142127722501755, 0.02498234063386917, -0.04986610636115074, -0.03811997175216675, -0.016949975863099098, 0.0870376005768776, -0.004253040533512831, 0.01096597034484148, -0.0068818312138319016, -0.07162944227457047, -0.006929977796971798, -0.03681521862745285, 0.011060397140681744, 0.09754642844200134, -0.051204144954681396, 0.04979602247476578, 0.057739902287721634, -0.039875175803899765, -0.016333676874637604, 0.027848972007632256, -0.03213823214173317, -0.06084244325757027, -0.03931538388133049, -0.04030993580818176, -0.007419660687446594, -0.02560345269739628, 0.014235785230994225, -0.07217860966920853, -0.01193162426352501, 0.040692660957574844, -0.08609325438737869, -0.057395242154598236, 0.04591432213783264, 0.028560610488057137, -0.004895760212093592, 0.06917649507522583, 0.01193968579173088, -0.028997603803873062, 0.00409349100664258, -0.04297163337469101, 0.042751677334308624, -0.09310102462768555, 0.04612495005130768, 0.05550272762775421, 0.01681746169924736, -0.003291262313723564, -0.010305226780474186, 0.010421590879559517, 0.03437286242842674, -0.10767732560634613, -0.029864905402064323, -0.06094072759151459, -0.07345803081989288, -0.030006518587470055, -0.037059783935546875, 0.014786651358008385, 0.025755256414413452, 0.003486162982881069, 0.12458135932683945, -0.041913338005542755, -0.001701155211776495, 0.030845727771520615, -0.07470716536045074, 0.10031682252883911, -0.01829947717487812, -0.05355221405625343, 0.0271894633769989, 0.048348378390073776, -0.03105730377137661, 0.018796872347593307, 0.02082749269902706, -0.023678863421082497, 0.07246973365545273, 0.050116077065467834, -0.043717414140701294, 0.04126656427979469, -0.02875625714659691, -0.05928601324558258, 0.04521317780017853, -0.011154761537909508, -0.0016861542826518416, 0.10264885425567627, 0.03901324048638344, 0.06231272965669632, -0.05644039437174797, -0.07788361608982086, -0.025837425142526627, 0.11578091979026794, -0.040696825832128525, -0.03693322464823723, 0.04244659096002579, -0.03267931565642357, 0.021204374730587006, -0.04236548766493797, 0.018904389813542366, -0.05078715831041336, -0.13633793592453003, -0.020953062921762466, -0.0326368622481823, 0.03341327980160713, 0.03778630867600441, 0.04942132905125618, 0.015184414573013783, -0.02311854064464569, 0.032910142093896866, 0.05635445937514305, -0.048434022814035416, -2.0835560226508273e-33, -0.029942186549305916, -0.003812001319602132, 0.010406107641756535, -0.0033453006763011217, 0.027668042108416557, 0.01917298696935177, -0.0630468800663948, 0.027118949219584465, -0.10145868360996246, -0.0011343755759298801, -0.002836997853592038, 0.07654912024736404, 0.020939582958817482, 0.030171984806656837, 0.017208637669682503, -0.04665075242519379, -0.023353204131126404, 0.07697396725416183, 0.00035538297379389405, 0.02015445940196514, 0.07151471823453903, -0.0923805832862854, 0.030724473297595978, 0.02189057134091854, 0.13901032507419586, -0.002700656419619918, 0.059289611876010895, 0.04703667387366295, 0.010637412779033184, 0.03292318433523178, -0.002368881134316325, -0.01191772986203432, -0.05761309340596199, -0.03114960342645645, 0.0002463751006871462, -0.019987821578979492, -0.028642497956752777, -0.02308429218828678, 0.017855342477560043, 0.07794361561536789, 0.029204079881310463, 0.04990498721599579, -0.04305296018719673, 0.027559442445635796, -0.10028422623872757, 0.07084015011787415, 0.07029493898153305, 0.01625383086502552, 0.056683894246816635, -0.004818164277821779, -0.013962800614535809, -0.07777722924947739, 0.1206890121102333, 0.025022359564900398, 0.11670646071434021, 0.015319334343075752, 0.027770493179559708, -0.1147494912147522, 0.011278786696493626, 0.005259730387479067, -0.12549278140068054, 0.022759107872843742, -0.04729442670941353, 0.042967841029167175, 0.015679841861128807, 0.027301188558340073, 0.045415401458740234, 0.04512927308678627, 0.04689006134867668, 0.005020860582590103, -0.007561369799077511, -0.009718896821141243, 0.09295552968978882, 0.018341422080993652, 0.03587435930967331, -0.04853672534227371, -0.03145512565970421, -0.008866357617080212, -0.0011909292079508305, 0.06436192244291306, -0.05972418561577797, -0.03899560868740082, 0.05263805016875267, 0.02440767176449299, 0.00428184075281024, -0.04111841320991516, -0.02461320161819458, 0.019114788621664047, -0.053515613079071045, 0.019205451011657715, -0.0777953490614891, -0.011460450477898121, -0.0018964657792821527, 0.01663934253156185, -0.003347363555803895, 9.403218285899113e-34, -0.0321362279355526, 0.004737844690680504, -0.021431060507893562, 0.026091789826750755, 0.034086551517248154, -0.029127292335033417, 0.0027068518102169037, -0.05140518397092819, 0.0598856545984745, 0.0038997887168079615, -0.02045052871108055, -0.019386401399970055, -0.004460645839571953, -0.07260894775390625, -0.03041568584740162, 0.0005902257398702204, -0.04667634516954422, -0.14889608323574066, -0.027118757367134094, -0.00038302846951410174, -0.054384488612413406, -0.015560528263449669, -0.04943285882472992, -0.00769845163449645, 0.04418190196156502, 0.0444449707865715, -0.025149598717689514, -0.0635845959186554, 0.05810827761888504, 0.011466944590210915, -0.02148168720304966, -0.013056475669145584, 0.010650972835719585, -0.03984697908163071, -0.05665089190006256, -0.011939646676182747, 0.05318087339401245, 0.06467652320861816, 0.02207498624920845, -0.021221403032541275, 0.04973373934626579, 0.012303884141147137, -0.03550795838236809, -0.03364352136850357, -0.01748798042535782, 0.11244545876979828, 0.03197089955210686, 0.08382992446422577, -0.07780687510967255, -0.07351440191268921, -0.03660782426595688, 0.04460940137505531, 0.020608631893992424, 0.04721126705408096, 0.01756785809993744, -0.022407596930861473, 0.04537486657500267, 0.03573702275753021, -0.076473668217659, 0.03405339643359184, 0.0072640301659703255, -0.009946866892278194, 0.16811317205429077, -0.020018195733428, -0.02533441223204136, -0.04832189157605171, -0.019059091806411743, -0.031229276210069656, -0.05140971764922142, -0.049720752984285355, 0.029222069308161736, -0.09808028489351273, -0.002251235069707036, 0.016500024124979973, 0.017651239410042763, -0.047509461641311646, -0.06103787198662758, -0.12823030352592468, 0.011737403459846973, 0.04435712471604347, 0.01056576706469059, 0.06436188519001007, 0.01657193899154663, 0.011381693184375763, 0.08705116808414459, 0.014035447500646114, -0.005021936260163784, -0.046017177402973175, 0.0713832825422287, 0.027503130957484245, -0.1426084190607071, -0.07616563141345978, -0.13647770881652832, 0.04264799878001213, -0.07004523277282715, -4.0711395143944173e-08, -0.052173126488924026, 0.013938633725047112, 0.04726006090641022, 0.02762753702700138, 0.017078204080462456, 0.025491800159215927, 0.013764247298240662, 0.10122420638799667, 0.10746346414089203, 0.0003362693823873997, 0.09272565692663193, -0.0356786772608757, 0.004209496080875397, 0.025002293288707733, 0.07994559407234192, 0.013632007874548435, 0.09729768335819244, 0.020984359085559845, 0.011252607218921185, 0.010869104415178299, 0.005560206715017557, 0.020815029740333557, -0.04231954365968704, -0.010056719183921814, 0.0697232112288475, -0.01786961406469345, 0.01776537485420704, 0.01314112450927496, -0.018860451877117157, -0.05892316251993179, -0.024355987086892128, -0.03925031051039696, 0.07330125570297241, 0.025027573108673096, 0.0660519227385521, -0.051033440977334976, -0.014946180395781994, 0.006511623505502939, 0.0001862566714407876, -0.016212407499551773, -0.013034043833613396, 0.11020608246326447, -0.04767470434308052, 0.029657965525984764, -0.10102088749408722, -0.010494098998606205, -0.08341334015130997, 0.07194546610116959, -0.004933456424623728, 0.08119424432516098, 0.02525368519127369, -0.08436166495084763, 0.01427757740020752, 0.10880430787801743, 0.08688406646251678, 0.035666096955537796, 0.035299211740493774, -0.06565557420253754, 0.01634104922413826, 0.08405578881502151, 0.0521993450820446, -0.012560584582388401, 0.005197030026465654, -0.042682647705078125]"
4309621986,Data Analyst - Supply Chain,Homzmart,"Cairo, Cairo, Egypt",2025-10-02,https://eg.linkedin.com/jobs/view/data-analyst-supply-chain-at-homzmart-4309621986,"Company Description
Homzmart
is an end to end community that connects home professionals with homeowners who can browse home designs, furniture, accessories and products and also can find reviews, referring professionals, take advice from professionals and read articles about home improvement.
Job Description
We’re looking for a highly analytical and detail-oriented Data Analyst to join our team. In this role, you’ll be responsible for tracking and reporting KPIs, building dashboards, and supporting data-driven decisions across the business. You’ll work closely with stakeholders to understand business requirements and translate them into actionable insights.
Key Responsibilities:
Develop, maintain, and automate reports to monitor performance across departments.
Track key business metrics and KPIs, ensuring accuracy and consistency.
Translate complex data into clear, actionable insights through dashboards and visualizations.
Collaborate with cross-functional teams to gather requirements and define data needs.
Perform data cleaning, validation, and analysis using statistical methods.
Support ad hoc analysis and business cases as needed.
Qualifications
Proven experience as a Data Analyst or similar role.
Strong skills in Excel, data visualization (e.g., Power BI, Tableau, or similar).
Experience working with large datasets, data cleaning, and preparation.
Solid understanding of analytics, statistics, and performance tracking.
Excellent stakeholder management and communication skills.
Experience with Python or other analytical tools is a strong plus.
Experience in e-commerce or supply chain, or fast-paced, data-driven environments.
Knowledge of A/B testing, forecasting, or predictive analytics.
Show more
Show less",Information Technology,"The role involves analyzing business data to monitor performance, build dashboards, and support data-driven decision making. It requires translating complex data into actionable insights and collaborating with stakeholders to define data needs. The focus is on ensuring data accuracy, generating reports, and performing statistical analysis to optimize business outcomes.","['Python', 'Power BI', 'Tableau']","['data analysis', 'performance tracking', 'dashboards', 'metrics', 'E-commerce']",Data Analyst,,"[0.025667749345302582, 0.061711471527814865, -0.047271862626075745, 0.030951451510190964, -0.044630590826272964, -0.025854500010609627, -0.0030615294817835093, -0.012665130198001862, 0.014492386020720005, -0.0017029298469424248, -0.05352042615413666, -0.0025372179225087166, 0.029296940192580223, 0.02754594199359417, -0.0020045044366270304, 0.008929389528930187, 0.014094783924520016, -0.0282451119273901, -0.06333289295434952, -0.10230822116136551, -0.04103640839457512, -0.040625862777233124, -0.04800485447049141, -0.018363723531365395, -0.06673076003789902, 0.02273259498178959, -0.011500456370413303, -0.02492496185004711, -0.0039659528993070126, -0.037848588079214096, 0.00475586112588644, 0.009777147322893143, 0.11558057367801666, 0.06495793908834457, -0.11733803153038025, 0.017780695110559464, 0.07279834151268005, 0.03263169527053833, 0.04856239631772041, 0.008411264047026634, -0.03458113968372345, -0.05271962285041809, -0.04731391370296478, -0.021216904744505882, 0.026989834383130074, -0.05734198912978172, -0.00605823053047061, -0.0518559031188488, -0.06087864935398102, 0.06143757328391075, -0.13974185287952423, 0.022644707933068275, 0.055741503834724426, 0.01320123951882124, 0.01078643649816513, 0.08040930330753326, -0.007964498363435268, -0.03553112596273422, 0.032194528728723526, -0.016867468133568764, 0.053530242294073105, -0.03735750913619995, -0.017709486186504364, 0.02226938307285309, 0.03734559193253517, -0.026883769780397415, -0.036735035479068756, -0.01238188985735178, -0.04619907587766647, -0.03406781703233719, -0.01243685558438301, -0.027546536177396774, -0.09389936178922653, 0.02868054248392582, -0.017023401334881783, -0.015317474491894245, -0.051380496472120285, 0.0033737183548510075, 0.059865884482860565, -0.11166776716709137, 0.058694928884506226, 0.07063113152980804, -0.03135658800601959, 0.1564459651708603, 0.011323850601911545, -0.04707016423344612, 0.06261882930994034, 0.017654605209827423, -0.021135691553354263, 0.004578396212309599, 0.032130975276231766, -0.015177705325186253, 0.019760023802518845, 0.0003884438774548471, -0.013573830015957355, 0.04797374829649925, -0.03798593580722809, -0.06091056019067764, 0.11973853409290314, 0.012558646500110626, 0.026181453838944435, 0.03906960040330887, 0.010882904753088951, 0.028405338525772095, -0.0995149239897728, -0.1326538324356079, 0.02099863812327385, 0.02093176729977131, -0.055571310222148895, -0.0012701713712885976, 0.0045831878669559956, -0.006016352213919163, -0.04761854559183121, -0.03508913889527321, 0.03457338362932205, -0.09900307655334473, -0.12595686316490173, 0.03587843477725983, -0.03145292401313782, 0.05977986007928848, 0.019428035244345665, 0.058557987213134766, 0.06225496530532837, -0.033038776367902756, 0.07214108109474182, 0.03792860731482506, -0.0683051273226738, -4.087693902085674e-34, -0.04313034936785698, -0.021907253190875053, -0.011412986554205418, 0.07337281107902527, -0.024222897365689278, -0.019334735348820686, -0.08397835493087769, -0.036714691668748856, -0.035647131502628326, 0.043372850865125656, 0.024412348866462708, 0.0992061197757721, 0.027079163119196892, 0.015541025437414646, 0.07457935065031052, 0.0682978555560112, -0.03703897073864937, 0.11066364496946335, -0.03806550055742264, -0.014402168802917004, 0.09493692964315414, -0.07929123938083649, 0.02466893568634987, 0.01850026287138462, 0.11836174130439758, 0.02067161537706852, 0.02037620358169079, 0.07989820092916489, 0.02457745186984539, 0.008428819477558136, 0.03428316116333008, -0.056526221334934235, -0.054331712424755096, 0.03840748220682144, 0.059490907937288284, -0.014327505603432655, -0.04872024431824684, -0.039757415652275085, 0.02924775518476963, 0.06896152347326279, -0.040407538414001465, 0.002913945121690631, -0.017096901312470436, 0.06760139018297195, -0.1075860783457756, 0.06948128342628479, 0.003958027809858322, 0.020073706284165382, 0.05800354480743408, 0.00043702570837922394, -0.00635399017482996, -0.04565807804465294, 0.09652289748191833, 0.014925091527402401, 0.010004683397710323, 0.04291462153196335, 0.016735296696424484, -0.17725490033626556, -0.02733888477087021, -0.03175806254148483, -0.06058692932128906, -0.0339793786406517, -0.0785422995686531, 0.0058457087725400925, -0.039700090885162354, 0.06632647663354874, 0.0235606636852026, 0.05408972129225731, 0.08019494265317917, -0.05350469425320625, -0.06170634552836418, -0.02238295041024685, 0.06786935031414032, 0.011293399147689342, 0.0003529181703925133, -0.008945726789534092, -0.030577033758163452, 0.03876931965351105, 0.04255589470267296, 0.02949160896241665, -0.0006542508490383625, -0.04955081269145012, 0.08365790545940399, -0.029721595346927643, -0.004104592837393284, -0.04860087111592293, 0.041796281933784485, -0.001505497028119862, -0.07814665883779526, -0.037814777344465256, -0.08523768931627274, 0.07229934632778168, -0.07905948907136917, 0.06115156039595604, -0.02074049599468708, -2.2769241086771244e-33, -0.052567653357982635, 0.004226467106491327, 0.0350964292883873, 0.020050017163157463, 0.01395865622907877, 0.02112060971558094, -0.035353951156139374, -0.14760790765285492, 0.07910703867673874, -0.00696726655587554, -0.06939955800771713, -0.05868735536932945, 0.002661809790879488, -0.006062771659344435, -0.03906520456075668, 0.021886363625526428, -0.02919398620724678, -0.07942812144756317, -0.07898780703544617, -0.035901330411434174, -0.029274217784404755, 0.00613385858014226, -0.010662546381354332, -0.009259529411792755, 0.00819605216383934, 0.02294953539967537, -0.009430762380361557, -0.07112926989793777, 0.03471149131655693, 0.03385607898235321, -0.022934261709451675, -0.09116032719612122, 0.010306249372661114, -0.00358500680886209, -0.0519108846783638, -0.052521951496601105, 0.05885499715805054, -0.04876645654439926, 0.051667653024196625, -0.014196808449923992, 0.05999555438756943, 0.060378480702638626, -0.04231952875852585, -0.014156290329992771, 0.023269232362508774, 0.08481934666633606, 0.03554754704236984, 0.052223701030015945, -0.026834694668650627, -0.053651757538318634, 0.0344155952334404, 0.04869711771607399, 0.029272792860865593, 0.029308393597602844, 0.0129470806568861, 0.0014887539437040687, 0.08067319542169571, -0.06578660011291504, -0.007710851728916168, 0.07758628576993942, -0.020267348736524582, 0.022243589162826538, 0.11467583477497101, 0.0630650594830513, -0.009862883016467094, 0.02355879731476307, 0.034489408135414124, -0.09592273831367493, 0.016562502831220627, -0.0577443428337574, 0.03744042292237282, -0.07940692454576492, -0.03069680742919445, 0.00822098646312952, -0.009812849573791027, -0.022831158712506294, -0.06024254113435745, -0.03906414657831192, -0.03708542883396149, 0.07519730925559998, 0.015632035210728645, -0.061250168830156326, 0.033026114106178284, -0.007487613707780838, -0.014468234963715076, 0.005019248463213444, -0.00017812129226513207, -0.025657357648015022, 0.05081241950392723, -0.03674508258700371, -0.10202614963054657, -0.016870586201548576, -0.126142218708992, 0.049937307834625244, -0.02161363512277603, -4.0696285452668235e-08, -0.008743585087358952, -0.030978219583630562, 0.07120183110237122, 0.026454469189047813, 0.011201928369700909, -0.052297890186309814, -0.033281244337558746, 0.061656177043914795, 0.060358960181474686, 0.03584059700369835, 0.05679769068956375, -0.04576032981276512, -0.10175012052059174, -0.015213421545922756, 0.09957732260227203, -0.013410490937530994, 0.050583209842443466, 0.03949879854917526, -0.021165912970900536, 0.041517145931720734, 0.06150921434164047, 0.0038163703866302967, -0.026671577244997025, -0.019581206142902374, 0.11344706267118454, -0.08922053128480911, -0.03548754006624222, 0.08219080418348312, -0.03403712064027786, -0.06146709993481636, 0.0410570465028286, 0.00822774600237608, 0.03142121806740761, 0.015380417928099632, -0.01155737042427063, -0.018177494406700134, 0.05556344985961914, 0.040157295763492584, 0.010567473247647285, -0.045313067734241486, -0.042816679924726486, 0.11488816887140274, -0.054234616458415985, 0.08728598803281784, -0.02298487350344658, 0.019763857126235962, -0.07847125828266144, 0.07247356325387955, 0.0382910817861557, 0.013607124797999859, 0.0074928817339241505, -0.035000283271074295, 0.03174600377678871, 0.056687816977500916, 0.008079146966338158, 0.05377328768372536, 0.017055697739124298, -0.007757702376693487, -0.009239324368536472, 0.002943397732451558, -0.00048144819447770715, -0.00320016173645854, 0.011913970112800598, -0.05133996158838272]"
4157899130,Junior Data Engineer,Canonical,"Cairo, Cairo, Egypt",2025-02-18,https://eg.linkedin.com/jobs/view/junior-data-engineer-at-canonical-4157899130,"Bring your data analytics and data mining skills to a unique team seeking to understand and shape the future of marketing technology. We are interested in technology adoption patterns, the respect of visitors' data and the use of open source in marketing. We are also interested in those marketing data analysts who are curious enough to embrace new technologies and are ready to work with unfamiliar tools, if needed.
The role of a Junior
Data Engineer
at Canonical
Canonical has provided developers with open source since 2004, helping them build innovations such as public cloud, machine learning, robotics or blockchain. Marketing at Canonical means being at the forefront of innovation, for our customers and for our own martech stack. We're on the look out for a marketing data analyst to join our team and execute on our growth hacking strategy.
The ideal candidate will be passionate about technology, technology marketing and the use of technology in marketing. You will prefer to work in an environment that has emphasis on ownership of campaigns, collaboration, learning, curiosity and a drive to continually improve oneself / the team / the organisation. You will also love to problem solve, get hands-on, experiment, measure and use automation to make daily life easier.
The Marketing team at Canonical drives commercial outcomes for the company across its portfolio of products and grows the addressable market through digital marketing campaigns, lifecycle management, events, partnerships and community development. If these things are important to you and you're motivated by driving data engineering, delighting customers and filling the sales funnel, we want to talk with you.
This role sits in the Marketing team reporting to the Growth Engineering Manager.
Location:
This role will be based remotely in the EMEA region.
What your day will look like
Utilise advanced data analytics to grow Canonical's product adoption and market penetration
Focus on quantitative and qualitative data analytics to find insights and meaningful business outcomes
Design and conduct experiments with data, visualisation and insights into Canonical's target audiences
Collaborate with stakeholder teams (Product Management, Engineering, Information Systems, Finance, RevOps, etc) to improve the data and tool ecosystem
Put in place and maintain systems to ensure teams across the company have self-service access to data dashboards
What we are looking for in you?
Background in data science, mathematics, actuarial science, or engineering
Knowledge in advanced statistics, data sciences, coding/scripting languages (Python, JS, etc), and databases (SQL, etc)
Strength in data analytics and visualisation (Looker Studio, Tableau, Apache Superset, etc)
Ability to translate business questions to key research objectives
Ability to identify the best methodology to execute research, synthesise and analyse findings
Excellent writing and communication skills
Willingness to examine the status quo and resilient in the face of challenges
What we offer you
Your base pay will depend on various factors including your geographical location, level of experience, knowledge and skills. In addition to the benefits above, certain roles are also eligible for additional benefits and rewards including annual bonuses and sales incentives based on revenue or utilisation. Our compensation philosophy is to ensure equity right across our global workforce.
In addition to a competitive base pay, we provide all team members with additional benefits, which reflect our values and ideals. Please note that additional benefits may apply depending on the work location and, for more information on these, you can ask in the later stages of the recruitment process.
🏠Fully remote working environment - we've been working remotely since 2004!
📚Personal learning and development budget of 2,000 USD per annum
💰Annual compensation review
🏆Recognition rewards
🏝 Annual holiday leave
👶Parental Leave
🧑‍💼Employee Assistance Programme
🧳Opportunity to travel to new locations to meet colleagues at 'sprints'
✈️Priority Pass for travel and travel upgrades for long haul company events
About Canonical
Canonical is a pioneering tech firm that is at the forefront of the global move to open source. As the company that publishes Ubuntu, one of the most important open source projects and the platform for AI, IoT and the cloud, we are changing the world on a daily basis. We recruit on a global basis and set a very high standard for people joining the company. We expect excellence - in order to succeed, we need to be the best at what we do.
Canonical has been a remote-first company since its inception in 2004. Work at Canonical is a step into the future, and will challenge you to think differently, work smarter, learn new skills, and raise your game. Canonical provides a unique window into the world of 21st-century digital business.
Canonical is an equal opportunity employer
We are proud to foster a workplace free from discrimination. Diversity of experience, perspectives, and background create a better work environment and better products. Whatever your identity, we will give your application fair consideration.
Show more
Show less",Information Technology,"The role involves leveraging advanced data analytics to drive growth and market penetration for Canonical's products. It requires designing experiments, translating business questions into data research, and creating self-service data tools for teams across the organization. The focus is on extracting insights that support marketing strategies and operational improvements.","['SQL', 'Python']","['data analytics', 'visualization', 'experiments', 'data-driven insights', 'self-service dashboards']",Data Engineer,,"[0.03866511583328247, -0.024851704016327858, 0.003592740511521697, 0.026187838986516, 0.047214195132255554, 0.009785367175936699, 0.019101031124591827, 0.01879027672111988, -0.001282478915527463, -0.018082935363054276, -0.029069988057017326, 0.07488422095775604, 0.051490627229213715, -0.019238144159317017, 0.09354200959205627, 0.00612418819218874, 0.0543697252869606, -0.08007698506116867, -0.08951431512832642, -0.06885682046413422, -0.06474588811397552, -0.045741911977529526, -0.013001502491533756, 0.03474314883351326, -0.07068879157304764, -0.002470326842740178, 0.004578840918838978, -0.041679687798023224, -0.01741017773747444, -0.05004669725894928, 0.01725962571799755, 0.05038996785879135, 0.019404752179980278, 0.05923484265804291, -0.028060276061296463, 0.0037302179262042046, 0.0478241927921772, 0.023287085816264153, -0.010319412685930729, -0.01221553236246109, -0.024417225271463394, -0.09245199710130692, -0.09186039119958878, 0.03942446410655975, 0.06051860749721527, -0.044209074229002, -0.030621355399489403, 0.03214877471327782, 0.013953644782304764, 0.06560187041759491, -0.134651318192482, -0.019372502341866493, 0.04478241130709648, 0.0010586116695776582, 0.0459948293864727, 0.010070075280964375, -0.03945641964673996, -0.058150455355644226, 0.06289801746606827, 0.049827851355075836, 0.06863032281398773, -0.05583154037594795, -0.03158745542168617, 0.06851129233837128, 0.018600940704345703, -0.06802346557378769, -0.07238510251045227, 0.07606924325227737, -0.07584510743618011, -0.10536424815654755, -0.0014148842310532928, -0.031270965933799744, -0.06711755692958832, 0.03186718001961708, 0.03610396012663841, 0.061551399528980255, -0.031255804002285004, 0.013270743191242218, 0.08534692972898483, -0.023216651752591133, 0.05623400956392288, 0.025527721270918846, 0.0026384496595710516, 0.1837141364812851, -0.05583217367529869, -0.03493182361125946, 0.051336005330085754, -0.026202989742159843, -0.02272857539355755, -0.009715310297906399, 0.004463240038603544, -0.06680438667535782, -0.004201885778456926, -0.004118896555155516, -0.018235858529806137, 0.011369092389941216, -0.06387294828891754, -0.13552020490169525, 0.07025402784347534, 0.03576809912919998, 0.0551193505525589, 0.0409390814602375, -0.02975781075656414, 0.048923928290605545, -0.11233846098184586, -0.05965704098343849, -0.008540905080735683, 0.0664418563246727, 0.01839512027800083, 0.048088833689689636, -0.036803796887397766, -0.03697166219353676, -0.03270017355680466, -0.05135675519704819, 0.05436107516288757, -0.09026110172271729, -0.060762353241443634, 0.06941008567810059, 0.025858812034130096, -0.016049010679125786, 0.027804674580693245, 0.06357453763484955, 0.030228985473513603, -0.048103585839271545, 0.03362775221467018, 0.017437530681490898, -0.06701479107141495, -5.7025182462682524e-34, -0.03943880647420883, 0.0028887921944260597, 0.05286141112446785, 0.05656737834215164, -0.06340889632701874, -0.03766727074980736, -0.06283555179834366, 0.016228586435317993, -0.07864212989807129, 0.03621434420347214, -0.03959032520651817, 0.1430838257074356, 0.02369808219373226, 0.06525441259145737, 0.07767198234796524, 0.02883600816130638, 0.007322239223867655, 0.07662927359342575, 0.04109996557235718, -0.05644191429018974, 0.042616937309503555, -0.02105904556810856, 0.015085590071976185, 0.09021919965744019, 0.08508731424808502, 0.028786206617951393, 0.0037669704761356115, -0.00383681314997375, 0.009279521182179451, 0.017617836594581604, -0.024268245324492455, -0.05242884159088135, -0.025157324969768524, 0.058805398643016815, -0.016727903857827187, 0.05122964084148407, -0.033734314143657684, -0.06471230834722519, 0.030660636723041534, 0.07920518517494202, -0.05598100647330284, 0.024370849132537842, -0.06908190250396729, 0.042352430522441864, -0.13283474743366241, 0.06865983456373215, -0.0035893076565116644, -0.029288340359926224, 0.06847020983695984, -0.02840711735188961, 0.04887906461954117, 0.02933654934167862, 0.03165416046977043, 0.0020551851484924555, -0.0021373117342591286, 0.05087529122829437, -0.0018175103468820453, -0.10424698144197464, 0.044052522629499435, -0.012715554796159267, -0.06116243079304695, -0.052873123437166214, -0.037950098514556885, -0.00497451750561595, -0.00017947563901543617, 0.059353332966566086, 0.1019330769777298, -0.04801829159259796, 0.12005165219306946, -0.002927149645984173, -0.07490352541208267, 0.006666341330856085, 0.006280686240643263, -0.014502797275781631, 0.04105689376592636, -0.030283788219094276, -0.023422125726938248, 0.04927222803235054, 0.0901339128613472, 0.02399994432926178, -0.005761868320405483, -0.10820908099412918, 0.07879071682691574, 0.0037363162264227867, -0.013919041492044926, -0.04692589491605759, 0.04717576131224632, -0.034588783979415894, -0.02537837252020836, -0.008851995691657066, -0.020450547337532043, 0.01985195465385914, -0.09431760013103485, 0.10898075997829437, -0.03100077249109745, -9.417029426166313e-34, -0.056819405406713486, -0.05735216289758682, 0.013949236832559109, 0.05180865898728371, 0.038339246064424515, -0.025778962299227715, -0.06715243309736252, -0.03941165283322334, 0.06173384189605713, -0.013543766923248768, -0.0634063109755516, -0.03481900691986084, 0.01282157190144062, 0.05410291627049446, -0.029881147667765617, 0.03649357333779335, 0.04798347130417824, -0.04929875209927559, -0.055402595549821854, 0.005884463433176279, -0.05779886245727539, 0.05027034506201744, -0.0074648670852184296, -0.012651436030864716, 0.004936299752444029, 0.04329124465584755, -0.02994074672460556, -0.05626528710126877, 0.05235183984041214, -0.028481412678956985, -0.04442479833960533, -0.05085236206650734, 0.03742799535393715, -0.042084045708179474, -0.042704831808805466, 0.07845808565616608, -0.005232711788266897, 0.00010460412158863619, 0.0057758754119277, 0.003163863904774189, -0.006534620653837919, 0.03052343986928463, -0.048953860998153687, -0.038073111325502396, -0.05496968701481819, 0.03912251070141792, 0.007016472984105349, 0.03419966995716095, 0.014807241968810558, 0.009596949443221092, 0.019951213151216507, 0.06312253326177597, 0.027436513453722, -0.039378322660923004, -0.045115239918231964, -0.03411872312426567, 0.07774665951728821, -0.012097785249352455, -0.06860210001468658, 0.11886239796876907, 0.038802191615104675, 0.019446643069386482, 0.05656891316175461, -0.017273202538490295, 0.008069065399467945, -0.02214842289686203, 0.03787555918097496, -0.07906709611415863, -0.05513201653957367, -0.07980013638734818, 0.013996999710798264, -0.05831293389201164, 0.0034364585299044847, -0.010216339491307735, -0.04584767296910286, -0.028155960142612457, -0.056324899196624756, -0.10106727480888367, -0.04272792115807533, 0.07018382102251053, -0.01809638738632202, 0.0055849854834377766, 0.0500783771276474, 0.02295793406665325, 0.007855088450014591, 0.035345230251550674, 0.034974683076143265, 0.02425006963312626, -0.004403744824230671, -0.02482226863503456, -0.06484728306531906, -0.08197109401226044, -0.12250622361898422, 0.0867551788687706, 0.02871404029428959, -3.919088342740906e-08, -0.04798845946788788, 0.008358747698366642, 0.06662655621767044, 0.10386472195386887, 0.04019876942038536, -0.024702085182070732, -0.0019482604693621397, 0.12667326629161835, 0.02855815552175045, 0.041400786489248276, 0.027449525892734528, 0.002243372378870845, -0.10236983746290207, 0.028350556269288063, 0.08874395489692688, 0.018623748794198036, 0.03617214784026146, -0.008363589644432068, -0.02266865409910679, -0.02646416425704956, -0.02299126796424389, 0.06968596577644348, 0.028901470825076103, -0.08613064885139465, 0.05698069557547569, 0.011557426303625107, 0.009746084921061993, 0.03404146805405617, 0.02847210317850113, -0.08951564133167267, -0.023208370432257652, -0.024434732273221016, -0.030572552233934402, -0.022993961349129677, 0.024922074750065804, -0.027395252138376236, -0.019430922344326973, 0.010664604604244232, -0.007027278188616037, -0.0183248370885849, -0.04066496714949608, 0.1397717148065567, -0.040719445794820786, 0.056554164737463, -0.07610784471035004, 0.03884738311171532, -0.09159107506275177, 0.06165498495101929, -0.020551519468426704, -0.03800317645072937, -0.007436675950884819, -0.06751032918691635, 0.031526125967502594, 0.029312709346413612, 0.0458969920873642, -0.011302582919597626, 0.00026858248747885227, 0.03373779356479645, 0.015889786183834076, 0.030697762966156006, -0.003202359890565276, -0.06028823181986809, 0.033606961369514465, -0.029357677325606346]"
4332451855,Specialist - Data Analyst,Almosafer,"Cairo, Cairo, Egypt",2025-10-28,https://eg.linkedin.com/jobs/view/specialist-data-analyst-at-almosafer-4332451855,"About the company:
At Almosafer (part of Seera Group), we’re not just part of the travel industry, we’re helping shape its future.
As Saudi Arabia’s leading travel company, we serve millions across every segment of the travel and tourism ecosystem.
Rooted in our name “Almosafer,” meaning the traveler, we strive to make every journey seamless, personal, and purposeful. Our diverse platforms and services are built to deliver enriching experiences that reflect the spirit of Saudi Arabia and the wider region.
We’re united by a bold vision:
To be the undisputed leader in travel services, fostering lasting connections and setting new benchmarks for excellence in the Kingdom and beyond.Our team across Saudi Arabia and the wider region blends deep cultural understanding with forward-thinking innovation, shaping a new standard for travel in the region.
About the Role:
We are seeking a Data Analyst to join Almosafer’s Data Intelligence team, embedded within the Commercial function to empower the Fulfillment, Workforce Management & Quality Assurance team with analytics solutions. You will partner closely with individual stakeholders of the Commercial team to optimize Operational Performance, Customer Impact Ratio, Service Level Agreement while ensuring analytics follow Data Intelligence standards and governance.
The ideal candidate will have 5+ years of analytical experience in e-commerce or travel, strong expertise in Fulfillment, Call Centre or Workforce Management analytics, and hands-on experience with BI tools for delivering insights at scale. Knowledge of machine learning and rule-based models is a strong advantage.
Responsibilities:
Fulfillment Intelligence (Air & Non-Air)
Leverage data to evaluate end-to-end fulfillment performance across Air and Non-Air services, identifying operational bottlenecks and systemic inefficiencies.
Develop analytical models and performance frameworks to monitor SLA adherence, customer impact ratios, and overall operational performance.
Drive data-driven decisions in fulfillment strategy and operations
Quotation Management (QM) Intelligence
Develop analytics solutions to monitor quotation lifecycle, supplier responsiveness, and operational efficiency.
Define and track KPIs to improve case resolution and team productivity.
Workforce Management & Quality Assurance Analytics
Utilize data from platforms like Infobip to develop insights into agent productivity, demand forecasting, and workforce allocation accuracy.
Redesign and modernize WFM and QA reporting tools to reflect real-time performance metrics, quality trends, and compliance insights.
Implement predictive models to anticipate staffing needs, identify quality risks, and support proactive workforce planning.
Advanced Analytics & Data Solutions
Design scalable, automated analytics solutions using tools such as SQL, Python, and cloud-based data platforms to support operational analytics.
Ensure adherence to enterprise data governance and quality standards, working closely with Data Engineering and Governance teams.
Collaboration & Data Governance
Bridge Operations and Data Intelligence to ensure aligned data standards and methodologies.
Drive data literacy and analytical best practices across teams.
Profile Requirements:
Bachelor’s or Master’s degree in STEM, Business Analytics, or related field.
5+ years of experience as a Data Analyst, preferably in e-commerce, online travel, or digital-first businesses.
Proficiency in SQL, Python or R, and advanced Excel.
Strong experience in Fulfillment or Call Centre Data Analytics practices.
Hands-on experience with BI tools such as Tableau, Power BI, Looker, or similar for dashboard development and storytelling.
Excellent stakeholder management and communication skills; English fluency.
Experience building and deploying machine learning models e.g. Forecasting, Vendor Reliability Scoring Model, Customer Impact Scoring Model & etc.
Familiarity with big data warehouses (Google BigQuery, AWS Redshift, Snowflake).
Being you @ Almosafer:
At Almosafer, our teams work with purpose, clarity, and a shared commitment to doing things the right way.
Whether you're building platforms, supporting travelers, or shaping strategy, your work connects to something bigger. Across functions and locations, we value accountability, trust, and collaboration - and we create the structure and space for you to contribute meaningfully from day one.
Here, you will find:
A purpose-led workplace where your ideas can create real impact
Ongoing learning and development to help you grow with intention
Recognition that celebrates your wins, both big and small
A community built on trust, curiosity, and shared momentum
No matter where your journey started, at Almosafer, you will find space to grow, connect, and contribute meaningfully.
Show more
Show less",Information Technology,"The role involves analyzing operational and customer data within a travel and e-commerce environment to optimize fulfillment, workforce management, and service quality. The Data Analyst will develop data-driven models, build analytics solutions, and support strategic decision-making across various business units. The focus is on leveraging data insights to improve operational efficiency, customer impact, and compliance through scalable and governed analytics practices.","['SQL', 'Python', 'BI tools', 'BigQuery | Redshift | Snowflake']","['Fulfillment', 'Workforce Management', 'Quality Assurance', 'e-commerce', 'travel']",Data Analyst,5.0,"[0.04747673124074936, -0.02592681162059307, -0.028479240834712982, 0.07568780332803726, -0.06275616586208344, -0.024364527314901352, 0.04416993632912636, -0.048791803419589996, -0.028394732624292374, -0.012771612964570522, -0.003513873089104891, 0.043027449399232864, 0.0126884113997221, 0.06951318681240082, 0.036027103662490845, 0.04227973893284798, 0.048791345208883286, -0.06499231606721878, -0.05837687477469444, -0.0634368434548378, -0.046141915023326874, -0.04471750184893608, -0.11695285141468048, 0.01592048443853855, -0.08351709693670273, 0.0487043634057045, 0.01661026105284691, -0.027814198285341263, -0.028228675946593285, -0.046658921986818314, -0.022609923034906387, 0.027275513857603073, 0.08066772669553757, 0.06920261681079865, -0.06099376454949379, -0.005677497014403343, 0.04998384043574333, 0.0012514347909018397, 0.05867936462163925, 0.04422428831458092, -0.03205887973308563, -0.05278754234313965, -0.04437363147735596, 0.03794319927692413, 0.028637507930397987, -0.0809381902217865, -0.012661217711865902, -0.02419714629650116, -0.03768716752529144, 0.0662565752863884, -0.12150239944458008, 0.010874596424400806, -0.002873579505831003, -0.03110544942319393, 0.02143043652176857, 0.007355641108006239, 0.008539408445358276, -0.0032972760964185, -0.00847310945391655, 0.02626662142574787, 0.02798280492424965, -0.016269579529762268, 0.03152446448802948, 0.06674410402774811, -0.015309360809624195, -0.010335004888474941, -0.059889055788517, -0.0048322975635528564, -0.05763145536184311, -0.03180021420121193, -0.03728488087654114, -0.03890442103147507, -0.07981202751398087, -0.008871812373399734, 0.010947472415864468, 0.006398970726877451, -0.013655193150043488, -0.021957436576485634, 0.05593150481581688, -0.010794932954013348, 0.04583214968442917, 0.03251299634575844, -0.04044296219944954, 0.12115176767110825, -0.02005160041153431, -0.10113240033388138, -0.018062787130475044, -0.05477999895811081, -0.008125710301101208, -0.025892620906233788, 0.0558013841509819, 0.010161316953599453, 0.030790088698267937, 0.027373764663934708, -0.025147875770926476, -0.016233030706644058, -0.07785207033157349, -0.03001381643116474, 0.046365752816200256, 0.009709442965686321, 0.008428159169852734, 0.10907530784606934, 0.024911193177103996, 0.07353191822767258, -0.11886090040206909, -0.11789638549089432, 0.06979028135538101, 0.03097311593592167, -0.08902865648269653, 0.011525209993124008, 0.012605337426066399, 0.008797556161880493, 0.025266287848353386, -0.07264664024114609, 0.021962162107229233, -0.09764383733272552, -0.1285461038351059, 0.054944153875112534, -0.008830441161990166, 0.04509831964969635, -0.015155968256294727, 0.03717827424407005, 0.08877618610858917, 0.026409747079014778, 0.0132892532274127, 0.01162414625287056, -0.02667974680662155, -1.2656621143700496e-33, -0.05117538571357727, -0.018549373373389244, 0.00606535654515028, 0.013425991870462894, 0.019116757437586784, -0.04429661110043526, -0.06452511996030807, -0.05410746857523918, -0.023195181041955948, 0.04564252123236656, 0.034310661256313324, 0.136138916015625, 0.046901389956474304, 0.04930168762803078, 0.04452597349882126, 0.06883902847766876, -0.019460221752524376, 0.10605821758508682, -0.017268678173422813, -0.021676167845726013, 0.09713037312030792, -0.14222517609596252, 0.034899260848760605, 0.07400964945554733, 0.11670318990945816, 0.021865421906113625, 0.04570407420396805, 0.07722333073616028, 0.039655935019254684, 0.017666088417172432, 0.0313095897436142, -0.021504515781998634, -0.007100035436451435, 0.05326306074857712, 0.010837680660188198, 0.03559451922774315, -0.07893572747707367, -0.044147737324237823, 0.02101358212530613, 0.060661010444164276, -0.06424790620803833, 0.006813684944063425, 0.0031888489611446857, 0.05048808455467224, -0.14665313065052032, 0.06693136692047119, -0.01264866441488266, 0.005464653950184584, 0.06335816532373428, 0.0181305892765522, -0.005568348336964846, -0.08975380659103394, 0.06202973797917366, 0.02360939048230648, -0.026200957596302032, 0.022556837648153305, 0.01694750040769577, -0.13535907864570618, 0.019521517679095268, -0.0016561587108299136, -0.09301270544528961, -0.009571932256221771, -0.03045453131198883, -0.017933527007699013, 0.012824629433453083, -2.066428351099603e-06, 0.0014615849358960986, 0.012652198784053326, 0.0666196197271347, -0.0021427511237561703, -0.010470219887793064, 0.02403208427131176, 0.09687267243862152, 0.008438323624432087, 0.053211066871881485, -0.04191598296165466, -0.011951704509556293, 0.05437368154525757, 0.03605170547962189, 0.02454383857548237, -0.05530356243252754, -0.054539356380701065, 0.08688008040189743, 0.0034908861853182316, 0.043888308107852936, -0.03410813957452774, 0.021393654868006706, -0.00343499518930912, -0.038823071867227554, 0.02369769662618637, -0.058758653700351715, 0.07089634239673615, -0.07351701706647873, 0.039622962474823, 0.026954425498843193, -1.0403100897959503e-34, 0.01414772029966116, 0.029934804886579514, -0.0024073494132608175, -0.003718659980222583, 0.024209970608353615, -0.01867067627608776, -0.006318500265479088, -0.07624401152133942, 0.060684189200401306, -0.04273884370923042, -0.07193055003881454, -0.020683759823441505, 0.04719580337405205, -0.02374015748500824, 0.004958086181432009, -0.028917353600263596, 0.0234814565628767, -0.06199835240840912, -0.08322001993656158, 0.03289389982819557, -0.022445425391197205, -0.024443069472908974, -0.04572689160704613, -0.047782860696315765, 0.02043858915567398, 0.03351124748587608, -0.009009928442537785, -0.07478892058134079, 0.016742246225476265, 0.019224505871534348, -0.027632031589746475, -0.024798333644866943, 0.05462587997317314, -0.009671663865447044, -0.07314477860927582, 0.015873495489358902, 0.017761696130037308, -0.03272712603211403, 0.04630056023597717, 0.0189690999686718, 0.009628805331885815, 0.016688860952854156, -0.022971943020820618, 0.0037178786005824804, 0.03952440991997719, 0.0599198043346405, 0.04337694123387337, 0.05320426821708679, -0.009592662565410137, -0.0656442642211914, 0.005514150019735098, 0.05665065720677376, 0.0033229240216314793, 0.04105866327881813, -0.031729716807603836, 0.03757774829864502, 0.07923930138349533, -0.04955331236124039, -0.03412865847349167, 0.10719374567270279, 0.021992729976773262, 0.003092820756137371, 0.1620689481496811, 0.004491304513067007, -0.024540958926081657, -0.03574630245566368, 0.056793212890625, -0.046883825212717056, -0.004100119695067406, -0.06949421018362045, -0.013937979005277157, -0.06336977332830429, -0.029106497764587402, 0.02787204459309578, -0.010135124437510967, -0.07858127355575562, -0.09798427671194077, -0.029474599286913872, -0.03210171312093735, 0.10738503187894821, 0.029320167377591133, -0.040257278829813004, 0.031123917549848557, 0.028960833325982094, 0.04695136100053787, -0.03904412314295769, -0.024704212322831154, -0.02276397868990898, 0.012944375164806843, 0.00506460340693593, -0.13508988916873932, -0.02926657535135746, -0.12434782832860947, 0.01679740473628044, -0.01792966015636921, -3.939868520319578e-08, -0.09565585106611252, 0.01422684546560049, 0.10035638511180878, 0.022347645834088326, 0.05710134655237198, -0.025595398619771004, 0.004429208114743233, 0.09388730674982071, 0.02157302387058735, 0.006823711097240448, 0.07817617058753967, -0.015776414424180984, -0.09630250930786133, 0.018254850059747696, 0.049372512847185135, -0.005638659466058016, 0.053098492324352264, -0.026610616594552994, 0.00042523237061686814, 0.06604395806789398, 0.027444174513220787, 0.011942443437874317, -0.024255886673927307, -0.0260580163449049, 0.09753700345754623, -0.04278942942619324, -0.0799480527639389, 0.0632982924580574, 0.011663345620036125, -0.08850511163473129, 0.02879478596150875, 0.03275883197784424, 0.07244955748319626, -0.04377076402306557, -0.034977395087480545, -0.049832578748464584, 0.0633912906050682, -0.00344067276455462, -0.034945596009492874, -0.023495063185691833, -0.0697595402598381, 0.10466213524341583, -0.04138653725385666, 0.06681355088949203, -0.017694488167762756, 0.04807524383068085, -0.0940297469496727, 0.058939095586538315, -0.017676716670393944, 0.03998232260346413, -0.015321319922804832, -0.03641035035252571, 0.008718493394553661, 0.08063531666994095, 0.026811102405190468, 0.012977969832718372, 0.021411333233118057, 0.007267526816576719, -0.0009447795455344021, 0.07412205636501312, -0.04595687985420227, -0.04350069910287857, 0.01481020636856556, -0.080845907330513]"
4157897171,Junior Data Engineer,Canonical,"Cairo, Cairo, Egypt",2025-02-18,https://eg.linkedin.com/jobs/view/junior-data-engineer-at-canonical-4157897171,"Bring your data analytics and data mining skills to a unique team seeking to understand and shape the future of marketing technology. We are interested in technology adoption patterns, the respect of visitors' data and the use of open source in marketing. We are also interested in those marketing data analysts who are curious enough to embrace new technologies and are ready to work with unfamiliar tools, if needed.
The role of a Junior
Data Engineer
at Canonical
Canonical has provided developers with open source since 2004, helping them build innovations such as public cloud, machine learning, robotics or blockchain. Marketing at Canonical means being at the forefront of innovation, for our customers and for our own martech stack. We're on the look out for a marketing data analyst to join our team and execute on our growth hacking strategy.
The ideal candidate will be passionate about technology, technology marketing and the use of technology in marketing. You will prefer to work in an environment that has emphasis on ownership of campaigns, collaboration, learning, curiosity and a drive to continually improve oneself / the team / the organisation. You will also love to problem solve, get hands-on, experiment, measure and use automation to make daily life easier.
The Marketing team at Canonical drives commercial outcomes for the company across its portfolio of products and grows the addressable market through digital marketing campaigns, lifecycle management, events, partnerships and community development. If these things are important to you and you're motivated by driving data engineering, delighting customers and filling the sales funnel, we want to talk with you.
This role sits in the Marketing team reporting to the Growth Engineering Manager.
Location:
This role will be based remotely in the EMEA region.
What your day will look like
Utilise advanced data analytics to grow Canonical's product adoption and market penetration
Focus on quantitative and qualitative data analytics to find insights and meaningful business outcomes
Design and conduct experiments with data, visualisation and insights into Canonical's target audiences
Collaborate with stakeholder teams (Product Management, Engineering, Information Systems, Finance, RevOps, etc) to improve the data and tool ecosystem
Put in place and maintain systems to ensure teams across the company have self-service access to data dashboards
What we are looking for in you?
Background in data science, mathematics, actuarial science, or engineering
Knowledge in advanced statistics, data sciences, coding/scripting languages (Python, JS, etc), and databases (SQL, etc)
Strength in data analytics and visualisation (Looker Studio, Tableau, Apache Superset, etc)
Ability to translate business questions to key research objectives
Ability to identify the best methodology to execute research, synthesise and analyse findings
Excellent writing and communication skills
Willingness to examine the status quo and resilient in the face of challenges
What we offer you
Your base pay will depend on various factors including your geographical location, level of experience, knowledge and skills. In addition to the benefits above, certain roles are also eligible for additional benefits and rewards including annual bonuses and sales incentives based on revenue or utilisation. Our compensation philosophy is to ensure equity right across our global workforce.
In addition to a competitive base pay, we provide all team members with additional benefits, which reflect our values and ideals. Please note that additional benefits may apply depending on the work location and, for more information on these, you can ask in the later stages of the recruitment process.
🏠Fully remote working environment - we've been working remotely since 2004!
📚Personal learning and development budget of 2,000 USD per annum
💰Annual compensation review
🏆Recognition rewards
🏝 Annual holiday leave
👶Parental Leave
🧑‍💼Employee Assistance Programme
🧳Opportunity to travel to new locations to meet colleagues at 'sprints'
✈️Priority Pass for travel and travel upgrades for long haul company events
About Canonical
Canonical is a pioneering tech firm that is at the forefront of the global move to open source. As the company that publishes Ubuntu, one of the most important open source projects and the platform for AI, IoT and the cloud, we are changing the world on a daily basis. We recruit on a global basis and set a very high standard for people joining the company. We expect excellence - in order to succeed, we need to be the best at what we do.
Canonical has been a remote-first company since its inception in 2004. Work at Canonical is a step into the future, and will challenge you to think differently, work smarter, learn new skills, and raise your game. Canonical provides a unique window into the world of 21st-century digital business.
Canonical is an equal opportunity employer
We are proud to foster a workplace free from discrimination. Diversity of experience, perspectives, and background create a better work environment and better products. Whatever your identity, we will give your application fair consideration.
Show more
Show less",Information Technology,"The role involves leveraging advanced data analytics to drive growth and market penetration for Canonical's products. It requires designing experiments, translating business questions into data research, and creating self-service data tools for teams across the organization. The focus is on extracting insights that support marketing strategies and operational improvements.","['SQL', 'Python']","['data analytics', 'visualization', 'experiments', 'data-driven insights', 'self-service dashboards']",Data Engineer,,"[0.03866511583328247, -0.024851704016327858, 0.003592740511521697, 0.026187838986516, 0.047214195132255554, 0.009785367175936699, 0.019101031124591827, 0.01879027672111988, -0.001282478915527463, -0.018082935363054276, -0.029069988057017326, 0.07488422095775604, 0.051490627229213715, -0.019238144159317017, 0.09354200959205627, 0.00612418819218874, 0.0543697252869606, -0.08007698506116867, -0.08951431512832642, -0.06885682046413422, -0.06474588811397552, -0.045741911977529526, -0.013001502491533756, 0.03474314883351326, -0.07068879157304764, -0.002470326842740178, 0.004578840918838978, -0.041679687798023224, -0.01741017773747444, -0.05004669725894928, 0.01725962571799755, 0.05038996785879135, 0.019404752179980278, 0.05923484265804291, -0.028060276061296463, 0.0037302179262042046, 0.0478241927921772, 0.023287085816264153, -0.010319412685930729, -0.01221553236246109, -0.024417225271463394, -0.09245199710130692, -0.09186039119958878, 0.03942446410655975, 0.06051860749721527, -0.044209074229002, -0.030621355399489403, 0.03214877471327782, 0.013953644782304764, 0.06560187041759491, -0.134651318192482, -0.019372502341866493, 0.04478241130709648, 0.0010586116695776582, 0.0459948293864727, 0.010070075280964375, -0.03945641964673996, -0.058150455355644226, 0.06289801746606827, 0.049827851355075836, 0.06863032281398773, -0.05583154037594795, -0.03158745542168617, 0.06851129233837128, 0.018600940704345703, -0.06802346557378769, -0.07238510251045227, 0.07606924325227737, -0.07584510743618011, -0.10536424815654755, -0.0014148842310532928, -0.031270965933799744, -0.06711755692958832, 0.03186718001961708, 0.03610396012663841, 0.061551399528980255, -0.031255804002285004, 0.013270743191242218, 0.08534692972898483, -0.023216651752591133, 0.05623400956392288, 0.025527721270918846, 0.0026384496595710516, 0.1837141364812851, -0.05583217367529869, -0.03493182361125946, 0.051336005330085754, -0.026202989742159843, -0.02272857539355755, -0.009715310297906399, 0.004463240038603544, -0.06680438667535782, -0.004201885778456926, -0.004118896555155516, -0.018235858529806137, 0.011369092389941216, -0.06387294828891754, -0.13552020490169525, 0.07025402784347534, 0.03576809912919998, 0.0551193505525589, 0.0409390814602375, -0.02975781075656414, 0.048923928290605545, -0.11233846098184586, -0.05965704098343849, -0.008540905080735683, 0.0664418563246727, 0.01839512027800083, 0.048088833689689636, -0.036803796887397766, -0.03697166219353676, -0.03270017355680466, -0.05135675519704819, 0.05436107516288757, -0.09026110172271729, -0.060762353241443634, 0.06941008567810059, 0.025858812034130096, -0.016049010679125786, 0.027804674580693245, 0.06357453763484955, 0.030228985473513603, -0.048103585839271545, 0.03362775221467018, 0.017437530681490898, -0.06701479107141495, -5.7025182462682524e-34, -0.03943880647420883, 0.0028887921944260597, 0.05286141112446785, 0.05656737834215164, -0.06340889632701874, -0.03766727074980736, -0.06283555179834366, 0.016228586435317993, -0.07864212989807129, 0.03621434420347214, -0.03959032520651817, 0.1430838257074356, 0.02369808219373226, 0.06525441259145737, 0.07767198234796524, 0.02883600816130638, 0.007322239223867655, 0.07662927359342575, 0.04109996557235718, -0.05644191429018974, 0.042616937309503555, -0.02105904556810856, 0.015085590071976185, 0.09021919965744019, 0.08508731424808502, 0.028786206617951393, 0.0037669704761356115, -0.00383681314997375, 0.009279521182179451, 0.017617836594581604, -0.024268245324492455, -0.05242884159088135, -0.025157324969768524, 0.058805398643016815, -0.016727903857827187, 0.05122964084148407, -0.033734314143657684, -0.06471230834722519, 0.030660636723041534, 0.07920518517494202, -0.05598100647330284, 0.024370849132537842, -0.06908190250396729, 0.042352430522441864, -0.13283474743366241, 0.06865983456373215, -0.0035893076565116644, -0.029288340359926224, 0.06847020983695984, -0.02840711735188961, 0.04887906461954117, 0.02933654934167862, 0.03165416046977043, 0.0020551851484924555, -0.0021373117342591286, 0.05087529122829437, -0.0018175103468820453, -0.10424698144197464, 0.044052522629499435, -0.012715554796159267, -0.06116243079304695, -0.052873123437166214, -0.037950098514556885, -0.00497451750561595, -0.00017947563901543617, 0.059353332966566086, 0.1019330769777298, -0.04801829159259796, 0.12005165219306946, -0.002927149645984173, -0.07490352541208267, 0.006666341330856085, 0.006280686240643263, -0.014502797275781631, 0.04105689376592636, -0.030283788219094276, -0.023422125726938248, 0.04927222803235054, 0.0901339128613472, 0.02399994432926178, -0.005761868320405483, -0.10820908099412918, 0.07879071682691574, 0.0037363162264227867, -0.013919041492044926, -0.04692589491605759, 0.04717576131224632, -0.034588783979415894, -0.02537837252020836, -0.008851995691657066, -0.020450547337532043, 0.01985195465385914, -0.09431760013103485, 0.10898075997829437, -0.03100077249109745, -9.417029426166313e-34, -0.056819405406713486, -0.05735216289758682, 0.013949236832559109, 0.05180865898728371, 0.038339246064424515, -0.025778962299227715, -0.06715243309736252, -0.03941165283322334, 0.06173384189605713, -0.013543766923248768, -0.0634063109755516, -0.03481900691986084, 0.01282157190144062, 0.05410291627049446, -0.029881147667765617, 0.03649357333779335, 0.04798347130417824, -0.04929875209927559, -0.055402595549821854, 0.005884463433176279, -0.05779886245727539, 0.05027034506201744, -0.0074648670852184296, -0.012651436030864716, 0.004936299752444029, 0.04329124465584755, -0.02994074672460556, -0.05626528710126877, 0.05235183984041214, -0.028481412678956985, -0.04442479833960533, -0.05085236206650734, 0.03742799535393715, -0.042084045708179474, -0.042704831808805466, 0.07845808565616608, -0.005232711788266897, 0.00010460412158863619, 0.0057758754119277, 0.003163863904774189, -0.006534620653837919, 0.03052343986928463, -0.048953860998153687, -0.038073111325502396, -0.05496968701481819, 0.03912251070141792, 0.007016472984105349, 0.03419966995716095, 0.014807241968810558, 0.009596949443221092, 0.019951213151216507, 0.06312253326177597, 0.027436513453722, -0.039378322660923004, -0.045115239918231964, -0.03411872312426567, 0.07774665951728821, -0.012097785249352455, -0.06860210001468658, 0.11886239796876907, 0.038802191615104675, 0.019446643069386482, 0.05656891316175461, -0.017273202538490295, 0.008069065399467945, -0.02214842289686203, 0.03787555918097496, -0.07906709611415863, -0.05513201653957367, -0.07980013638734818, 0.013996999710798264, -0.05831293389201164, 0.0034364585299044847, -0.010216339491307735, -0.04584767296910286, -0.028155960142612457, -0.056324899196624756, -0.10106727480888367, -0.04272792115807533, 0.07018382102251053, -0.01809638738632202, 0.0055849854834377766, 0.0500783771276474, 0.02295793406665325, 0.007855088450014591, 0.035345230251550674, 0.034974683076143265, 0.02425006963312626, -0.004403744824230671, -0.02482226863503456, -0.06484728306531906, -0.08197109401226044, -0.12250622361898422, 0.0867551788687706, 0.02871404029428959, -3.919088342740906e-08, -0.04798845946788788, 0.008358747698366642, 0.06662655621767044, 0.10386472195386887, 0.04019876942038536, -0.024702085182070732, -0.0019482604693621397, 0.12667326629161835, 0.02855815552175045, 0.041400786489248276, 0.027449525892734528, 0.002243372378870845, -0.10236983746290207, 0.028350556269288063, 0.08874395489692688, 0.018623748794198036, 0.03617214784026146, -0.008363589644432068, -0.02266865409910679, -0.02646416425704956, -0.02299126796424389, 0.06968596577644348, 0.028901470825076103, -0.08613064885139465, 0.05698069557547569, 0.011557426303625107, 0.009746084921061993, 0.03404146805405617, 0.02847210317850113, -0.08951564133167267, -0.023208370432257652, -0.024434732273221016, -0.030572552233934402, -0.022993961349129677, 0.024922074750065804, -0.027395252138376236, -0.019430922344326973, 0.010664604604244232, -0.007027278188616037, -0.0183248370885849, -0.04066496714949608, 0.1397717148065567, -0.040719445794820786, 0.056554164737463, -0.07610784471035004, 0.03884738311171532, -0.09159107506275177, 0.06165498495101929, -0.020551519468426704, -0.03800317645072937, -0.007436675950884819, -0.06751032918691635, 0.031526125967502594, 0.029312709346413612, 0.0458969920873642, -0.011302582919597626, 0.00026858248747885227, 0.03373779356479645, 0.015889786183834076, 0.030697762966156006, -0.003202359890565276, -0.06028823181986809, 0.033606961369514465, -0.029357677325606346]"
